owner_name,property_address,mailing_address,mail_city,APN,LastSaleDate,LastSaleValue,BorrowerName,ppp_city,ppp_state,CurrentApprovalAmount,ForgivenessAmount,LoanStatus,DateApproved,OriginatingLender,OriginatingLenderState,NAICSCode,BusinessType
FRR LLC,17711 CRABB LN,12304 MCCANN DR,SANTA FE SPRINGS,165-291-14,,0.0,FRR LLC,Burlington,IA,8600.0,8676.21,Paid in Full,02/17/2021,MidWestOne Bank,IA,238220,Limited  Liability Company(LLC)
FRR LLC,17712 CRABB LN,12304 MCCANN DR,SANTA FE SPRINGS,165-291-15,,0.0,FRR LLC,Burlington,IA,8600.0,8676.21,Paid in Full,02/17/2021,MidWestOne Bank,IA,238220,Limited  Liability Company(LLC)
KL INDUSTRIES LLC,711 W 17TH ST # 18,711 W 17TH ST STE B7,COSTA MESA,939-830-18,10/11/1995,0.0,"K & L INDUSTRIES, LLC",ZWINGLE,IA,6700.0,6751.92,Paid in Full,04/27/2020,Dupaco Community CU,IA,811111,Limited  Liability Company(LLC)
BARAKAH LLC,8161 SAN ANGELO DR,9581 WESTWOOD DR,WESTMINSTER,107-773-08,06/08/2007,0.0,BARAKAH LLC,Chanhassen,MN,35553.0,35858.16,Paid in Full,02/04/2021,First Western Bank & Trust,ND,722513,Corporation
GALAXY MANAGEMENT LLC,1100 QUAIL ST STE 212,3 RIEZ,NEWPORT COAST,938-941-60,08/29/2014,210000.0,GALAXY MANAGEMENT LLC,Webster,MA,86400.0,86977.58,Paid in Full,01/22/2021,bankHometown,MA,541310,Limited  Liability Company(LLC)
HB LLC,9472 RAMBLER DR,16340 75TH PL W,EDMONDS,149-053-07,06/04/2019,1127000.0,H & B LLC,CALMAR,IA,2300.0,2320.25,Paid in Full,05/01/2020,CUSB Bank,IA,531120,Limited  Liability Company(LLC)
MRB ENTERPRISES LLC,826 BRICKYARD LN # 8,825 BRICKYARD LN,COSTA MESA,937-782-53,,,"MRB ENTERPRISES, LLC",Andover,MA,13470.0,10322.03,Paid in Full,05/05/2020,"Kabbage, Inc.",GA,519130,Limited  Liability Company(LLC)
MRB ENTERPRISES LLC,826 BRICKYARD LN # 8,825 BRICKYARD LN,COSTA MESA,937-782-53,,,"MRB ENTERPRISES, LLC",ONAWA,IA,68000.0,68495.56,Paid in Full,04/08/2020,United Bank of Iowa,IA,238350,Limited  Liability Company(LLC)
GALAXY MANAGEMENT LLC,1100 QUAIL ST STE 212,3 RIEZ,NEWPORT COAST,938-941-60,08/29/2014,210000.0,"GALAXY MANAGEMENT, LLC",Conyers,GA,14188.0,,Exemption 4,03/10/2021,Farmers and Merchants Bank,GA,561110,Limited  Liability Company(LLC)
LOTUS PROPERTIES LLC,14472 SPA DR,18391 OLD LAMPLIGHTER CIR,VILLA PARK,195-195-13,05/06/2021,0.0,LOTUS PROPERTIES LLC,SPRING,TX,20265.0,20534.27,Paid in Full,05/01/2020,"Wells Fargo Bank, National Association",SD,531120,Limited  Liability Company(LLC)
SDR LLC,5902 CHINOOK DR,8861 KATELLA AVE,ANAHEIM,195-223-06,03/12/2020,770000.0,SD&R LLC,SOUTHLAKE,TX,69600.0,70425.53,Paid in Full,04/07/2020,Origin Bank,LA,236118,Limited  Liability Company(LLC)
SDR LLC,15421 HANOVER LN,8861 KATELLA AVE,ANAHEIM,145-151-16,,0.0,SD&R LLC,SOUTHLAKE,TX,69600.0,70425.53,Paid in Full,04/07/2020,Origin Bank,LA,236118,Limited  Liability Company(LLC)
SDR LLC,16691 BARTLETT LN,8861 KATELLA AVE,ANAHEIM,142-412-08,,0.0,SD&R LLC,SOUTHLAKE,TX,69600.0,70425.53,Paid in Full,04/07/2020,Origin Bank,LA,236118,Limited  Liability Company(LLC)
SDR LLC,6561 SORENTO CIR,18437 STONEGATE LN,ROWLAND HEIGHTS,145-181-09,,0.0,SD&R LLC,SOUTHLAKE,TX,69600.0,70425.53,Paid in Full,04/07/2020,Origin Bank,LA,236118,Limited  Liability Company(LLC)
DRIVE LLC,3080 AIRWAY AVE STE 104,PO BOX 3639,NEWPORT BEACH,938-980-55,,,DRIVE LLC,NIXA,MO,26200.0,26370.84,Paid in Full,04/06/2020,The Bank of Missouri,MO,484121,Limited  Liability Company(LLC)
NEWPORT LLC,4340 VON KARMAN AVE STE 205,640 N DIAMOND BAR BLVD,DIAMOND BAR,934-057-17,,,NEW PORT LLC,ROLLING MEADOWS,IL,20000.0,20097.22,Paid in Full,04/10/2020,East West Bank,CA,523999,Limited  Liability Company(LLC)
SUBURBAN PROPERTIES LLC,9679 ELLIS AVE,10529 SLATER AVE,FOUNTAIN VALLEY,157-054-58,06/15/2015,0.0,SUBURBAN PROPERTIES LLC,Batavia,IL,26047.0,26161.32,Paid in Full,02/03/2021,"Resource Bank, National Association",IL,488190,Limited  Liability Company(LLC)
SUBURBAN PROPERTIES LLC,9679 ELLIS AVE,10529 SLATER AVE,FOUNTAIN VALLEY,157-054-58,06/15/2015,0.0,"SUBURBAN PROPERTIES, LLC",SUGAR GROVE,IL,24500.0,24638.15,Paid in Full,04/10/2020,"Resource Bank, National Association",IL,488190,Limited  Liability Company(LLC)
HB LLC,9472 RAMBLER DR,16340 75TH PL W,EDMONDS,149-053-07,06/04/2019,1127000.0,"HB, LLC",WICHITA,KS,22500.0,22683.75,Paid in Full,04/09/2020,Community National Bank & Trust,KS,721110,Limited  Liability Company(LLC)
RAV LLC,1 MAIN ST,175 CHESTNUT ST,SAN FRANCISCO,988-150-06,,,R-A-V LLC,LINCOLN,NE,39200.0,39433.02,Paid in Full,04/14/2020,Midwest Bank,NE,532111,Limited  Liability Company(LLC)
DDA LLC,17150 SAN MATEO ST # 9,PO BOX 722,ZEPHYR COVE,930-294-09,04/10/2009,0.0,DDA LLC,Fairlawn,NJ,30000.0,30362.5,Paid in Full,05/02/2020,"TD Bank, National Association",DE,488210,Limited  Liability Company(LLC)
AGHA LLC,7852 RONALD DR,16 GENEVE,NEWPORT BEACH,165-302-12,06/30/2021,0.0,AGHA LLC,BLAUVELT,NY,67712.0,68318.44,Paid in Full,05/01/2020,"JPMorgan Chase Bank, National Association",IL,424120,Limited  Liability Company(LLC)
GALAXY MANAGEMENT LLC,1100 QUAIL ST STE 212,3 RIEZ,NEWPORT COAST,938-941-60,08/29/2014,210000.0,GALAXY MANAGEMENT LLC,CHARLOTTE,NC,18413.5,18588.43,Paid in Full,04/28/2020,First Horizon Bank,TN,721110,Limited  Liability Company(LLC)
A & D LLC,5821 VIEW CIR,18055 BUSHARD ST,FOUNTAIN VALLEY,146-312-13,05/18/2021,0.0,"A&D, LLC",Asheville,NC,67912.5,68520.92,Paid in Full,04/09/2020,HomeTrust Bank,NC,448140,Corporation
SDM HOLDINGS LLC,16541 LOIRE CIR,1 COTTONWOOD,NEWPORT COAST,142-171-04,04/09/2025,1300000.0,SDM HOLDINGS LLC,Castle Pines,CO,19791.67,19891.14,Paid in Full,03/20/2021,Parkside Financial Bank & Trust,MO,541219,Limited  Liability Company(LLC)
PARS LLC,200 HARBOR WOODS PL,3117 S COLUMBIA CIR,TULSA,934-040-58,06/14/2018,0.0,PAR & S LLC,Pitman,NJ,38750.0,39026.63,Paid in Full,02/19/2021,"TD Bank, National Association",DE,811111,Limited  Liability Company(LLC)
RCP ENTERPRISES LLC,1688 TOPANGA,135 VIA YELLA,NEWPORT BEACH,930-617-47,,,RCP ENTERPRISES LLC,Johnston,RI,9397.0,9458.86,Paid in Full,02/23/2021,"TD Bank, National Association",DE,236220,Limited  Liability Company(LLC)
KC GROUP LLC,15301 PACIFIC ST,10252 AVENIDA CINCO DE MAYO,FOUNTAIN VALLEY,142-052-10,11/16/2022,820000.0,K.C. GROUP LLC,Grayling,MI,33750.0,34084.73,Paid in Full,04/27/2020,The Huntington National Bank,SD,713910,Limited  Liability Company(LLC)
BARAKAH LLC,8161 SAN ANGELO DR,9581 WESTWOOD DR,WESTMINSTER,107-773-08,06/08/2007,0.0,BARAKAH LLC,CHANHASSEN,MN,27500.0,27807.08,Paid in Full,04/28/2020,First Western Bank & Trust,ND,722511,Corporation
AIMS LLC,16091 BEACH BLVD,15142 SOBEY RD,SARATOGA,142-082-35,01/18/2017,4600000.0,AIMS LLC,SPRINGFIELD,MO,41250.0,41586.88,Paid in Full,04/29/2020,Great Southern Bank,MO,511120,Subchapter S Corporation
GALAXY MANAGEMENT LLC,1100 QUAIL ST STE 212,3 RIEZ,NEWPORT COAST,938-941-60,08/29/2014,210000.0,GALAXY MANAGEMENT LLC,Charlotte,NC,25777.5,25959.37,Paid in Full,02/05/2021,First Horizon Bank,TN,721110,Limited  Liability Company(LLC)
HAN LLC,6262 CHINOOK AVE,6431 NAVAJO RD,WESTMINSTER,195-283-09,03/17/2026,900000.0,HAN LLC,LEAVENWORTH,KS,7900.0,7952.45,Paid in Full,05/01/2020,Country Club Bank,MO,722511,Limited  Liability Company(LLC)
HAN LLC,6272 CHINOOK AVE,6431 NAVAJO RD,WESTMINSTER,195-283-10,03/17/2026,900000.0,HAN LLC,LEAVENWORTH,KS,7900.0,7952.45,Paid in Full,05/01/2020,Country Club Bank,MO,722511,Limited  Liability Company(LLC)
GOODWILL LLC,12838 PALM ST UNIT 2,411 KINGSTON CT,MT PROSPECT,930-174-57,06/28/2019,475000.0,GOODWILL LLC,BROOKFIELD,CT,8500.0,8552.68,Paid in Full,04/28/2020,Union Savings Bank,CT,445120,Limited  Liability Company(LLC)
DAYAL LLC,8491 ATLANTA AVE # 201,8120 WAGON WHEEL CT,ROSEMEAD,151-105-29,03/26/2019,1500000.0,DAYAL LLC,CHECOTAH,OK,9750.0,9804.23,Paid in Full,04/27/2020,Armstrong Bank,OK,721110,Limited  Liability Company(LLC)
POINTFAR AUTOMATION LLC,16655 PACIFIC COAST HWY,18710 VINTAGE ST,NORTHRIDGE,178-523-09,03/10/2026,1400000.0,POINTFAR AUTOMATION LLC,NEW HALL,CA,8500.0,8556.59,Paid in Full,04/30/2020,US Bank National Association,CA,541618,Limited  Liability Company(LLC)
SDM HOLDINGS LLC,16541 LOIRE CIR,1 COTTONWOOD,NEWPORT COAST,142-171-04,04/09/2025,1300000.0,SDM HOLDINGS LLC,CASTLE PINES,CO,24737.0,21519.62,Paid in Full,04/14/2020,Cross River Bank,NJ,541219,Limited  Liability Company(LLC)
LEE BROTHERS LLC,7042 KEARNY DR,18685 SANTA IRENE ST,FOUNTAIN VALLEY,111-130-36,09/25/2003,,LEE BROTHERS LLC,Hanston,KS,20800.0,20843.91,Paid in Full,04/23/2021,Bank of Hays,KS,111110,Limited  Liability Company(LLC)
DDA LLC,17150 SAN MATEO ST # 9,PO BOX 722,ZEPHYR COVE,930-294-09,04/10/2009,0.0,DDA LLC,LOUISVILLE,KY,42200.0,42472.74,Paid in Full,04/13/2020,Republic Bank & Trust Company,KY,541618,Limited  Liability Company(LLC)
KC GROUP LLC,15301 PACIFIC ST,10252 AVENIDA CINCO DE MAYO,FOUNTAIN VALLEY,142-052-10,11/16/2022,820000.0,KC GROUP LLC,Hammonton,NJ,4140.0,4164.84,Paid in Full,04/02/2021,"Capital Plus Financial, LLC",TX,541410,Limited  Liability Company(LLC)
DLC ENTERPRISES LLC,17392 QUEENS LN,2650 ELM AVE STE 218,LONG BEACH,165-233-04,12/02/2016,1125000.0,"DLC ENTERPRISES, LLC",ASHBURN,VA,29114.0,29585.49,Paid in Full,06/18/2020,Fountainhead SBF LLC,FL,624120,Limited  Liability Company(LLC)
SDR LLC,5902 CHINOOK DR,8861 KATELLA AVE,ANAHEIM,195-223-06,03/12/2020,770000.0,"SDR, LLC",LARAMIE,WY,87900.0,88721.2,Paid in Full,04/29/2020,ANB Bank,CO,722511,Limited  Liability Company(LLC)
SDR LLC,15421 HANOVER LN,8861 KATELLA AVE,ANAHEIM,145-151-16,,0.0,"SDR, LLC",LARAMIE,WY,87900.0,88721.2,Paid in Full,04/29/2020,ANB Bank,CO,722511,Limited  Liability Company(LLC)
SDR LLC,16691 BARTLETT LN,8861 KATELLA AVE,ANAHEIM,142-412-08,,0.0,"SDR, LLC",LARAMIE,WY,87900.0,88721.2,Paid in Full,04/29/2020,ANB Bank,CO,722511,Limited  Liability Company(LLC)
SDR LLC,6561 SORENTO CIR,18437 STONEGATE LN,ROWLAND HEIGHTS,145-181-09,,0.0,"SDR, LLC",LARAMIE,WY,87900.0,88721.2,Paid in Full,04/29/2020,ANB Bank,CO,722511,Limited  Liability Company(LLC)
INFINITY PROPERTIES LLC,775 W 17TH ST STE E,3419 VIA LIDO # 650,NEWPORT BEACH,939-831-22,09/18/2025,901500.0,INFINITY PROPERTIES LLC,Mounds,OK,69585.0,70238.33,Paid in Full,01/19/2021,Regent Bank,OK,236210,Limited Liability Partnership
BAM HOMES LLC,21851 NEWLAND ST SPC 270,135 S STATE COLLEGE BLVD STE 200,BREA,890-892-70,,,"BAM HOMES, LLC",LAKE OSWEGO,OR,11600.0,11682.95,Paid in Full,08/08/2020,KeyBank National Association,OH,236118,Subchapter S Corporation
PARS LLC,200 HARBOR WOODS PL,3117 S COLUMBIA CIR,TULSA,934-040-58,06/14/2018,0.0,P.A.R. & S. LLC,Pitman,NJ,39542.0,39931.93,Paid in Full,05/01/2020,"TD Bank, National Association",DE,811111,Limited  Liability Company(LLC)
SANDERSON GROUP LLC,16212 KIPLING CIR,48 CIELO AZUL,MISSION VIEJO,107-903-11,02/09/1999,0.0,SANDERSON GROUP LLC,AUSTIN,TX,8332.0,,Paid in Full,04/30/2020,"JPMorgan Chase Bank, National Association",IL,541420,Limited  Liability Company(LLC)
ARABELLA LLC,17162 BLUEWATER LN # 165,18340 YORBA LINDA BLVD # 107-24,YORBA LINDA,933-831-65,11/17/1997,0.0,"ARABELLA, LLC",PIQUA,OH,5832.5,5892.42,Paid in Full,04/10/2020,Minster Bank,OH,812112,Limited  Liability Company(LLC)
JS PROPERTIES LLC,121 MAIN ST,4475 MISSION BLVD STE 226,SAN DIEGO,024-153-17,03/22/2024,0.0,J & S  PROPERTIES LLC,Chouteau,OK,19740.0,19946.72,Paid in Full,01/17/2021,First Bank,OK,332710,Limited  Liability Company(LLC)
MJB RENTALS LLC,22 SURFSIDE AVE # B,10535 LEMORAN AVE,DOWNEY,178-491-14,,0.0,"MJB RENTALS, LLC.",Beaverton,OR,12607.29,,Paid in Full,04/27/2020,Washington Federal Bank d/b/a WaFd Bank,WA,532412,Limited  Liability Company(LLC)
LOS ALAMOS LLC,17101 ASH LN,1100 DENNIS DR,COSTA MESA,165-362-17,01/12/2016,2200000.0,LOS ALAMOS LLC,Uvalde,TX,64600.0,64923.88,Paid in Full,02/22/2021,First State Bank of Uvalde,TX,722513,Limited  Liability Company(LLC)
PARS LLC,200 HARBOR WOODS PL,3117 S COLUMBIA CIR,TULSA,934-040-58,06/14/2018,0.0,PARS LLC,Farmington Hills,MI,19169.0,19296.85,Paid in Full,03/12/2021,"JPMorgan Chase Bank, National Association",OH,722511,Corporation
ON THE EDGE DESIGNS LLC,419 29TH ST,76-6174 ALII DR,KAILUA KONA,932-840-98,08/31/2022,4579000.0,ON THE EDGE DESIGNS LLC,KAILUA KONA,HI,12900.0,13059.75,Paid in Full,04/27/2020,Bank of Hawaii,HI,531110,Limited  Liability Company(LLC)
DLC ENTERPRISES LLC,17392 QUEENS LN,2650 ELM AVE STE 218,LONG BEACH,165-233-04,12/02/2016,1125000.0,"DLC ENTERPRISES, LLC",Ashburn,VA,55000.0,55575.97,Paid in Full,01/28/2021,Fountainhead SBF LLC,FL,541519,Limited  Liability Company(LLC)
MY VILLAGE LLC,12555 EUCLID ST APT 53,PO BOX 2247,ANAHEIM,930-536-39,11/26/2002,0.0,MY VILLAGE LLC,OLYMPIA,WA,1000.0,1006.72,Paid in Full,05/08/2020,Washington State Employees Credit Union,WA,812990,Limited  Liability Company(LLC)
INFINITY PROPERTIES LLC,775 W 17TH ST STE E,3419 VIA LIDO # 650,NEWPORT BEACH,939-831-22,09/18/2025,901500.0,INFINITY PROPERTIES LLC,MOUNDS,OK,93200.0,94297.97,Paid in Full,04/08/2020,BancFirst,OK,236117,Limited Liability Partnership
DRT LLC,16862 CORAL CAY LN,20101 SW BIRCH ST STE 151,NEWPORT BEACH,178-653-37,07/29/1997,0.0,"DRT, LLC",Atlanta,GA,12345.0,,Charged Off,06/04/2020,"Kabbage, Inc.",GA,541990,Limited  Liability Company(LLC)
E & N ENTERPRISES LLC,345 AVOCADO ST UNIT A3,PO BOX 876,TUSTIN,938-650-26,09/30/2003,139500.0,"E & N ENTERPRISES, LLC",ORANGE CITY,IA,37400.0,37608.82,Paid in Full,04/09/2020,Iowa State Bank,IA,541320,Limited  Liability Company(LLC)
LC #2 LLC,19732 MATSONIA LN,1121 CORONA LN,COSTA MESA,155-035-05,05/31/2022,0.0,LC2 LLC,BELLE GLADE,FL,28637.0,28979.07,Paid in Full,05/01/2020,"Bank of America, National Association",NC,999990,Limited  Liability Company(LLC)
GFM INVESTMENTS LLC,1119 FLORIDA ST,4825 MAGNA CARTA BLVD,GRAND PRAIRIE,025-162-18,06/11/2019,1465000.0,"GFM INVESTMENTS, LLC",MEMPHIS,TN,19128.0,19369.07,Paid in Full,05/15/2020,"Bank of America, National Association",NC,531120,Limited  Liability Company(LLC)
POINTFAR AUTOMATION LLC,16655 PACIFIC COAST HWY,18710 VINTAGE ST,NORTHRIDGE,178-523-09,03/10/2026,1400000.0,POINTFAR AUTOMATION LLC,Santa Clarita,CA,2865.0,2875.36,Paid in Full,05/13/2021,"Leader Bank, National Association",MA,541330,Limited  Liability Company(LLC)
PEACEFUL JOURNEY LLC,16511 GOLDENWEST ST,PO BOX 1405,SUNSET BEACH,146-271-46,08/30/2018,0.0,PEACEFUL JOURNEY LLC,HUNTINGTON BEACH,CA,5010.0,5055.02,Paid in Full,05/08/2020,"Wells Fargo Bank, National Association",SD,531312,Limited  Liability Company(LLC)
A & D LLC,5821 VIEW CIR,18055 BUSHARD ST,FOUNTAIN VALLEY,146-312-13,05/18/2021,0.0,A & D LLC,Asheville,NC,67912.0,68228.3,Paid in Full,02/23/2021,HomeTrust Bank,NC,448190,Corporation
LEGACY GLOBAL LLC,7303 CLAY AVE,19051 GOLDENWEST UNIT 106-312,TUSTIN,935-760-45,01/12/2004,0.0,LEGACY GLOBAL LLC.,Davidson,NC,36329.0,36481.28,Paid in Full,03/24/2021,Regions Bank,AL,423220,Limited  Liability Company(LLC)
HB LLC,9472 RAMBLER DR,16340 75TH PL W,EDMONDS,149-053-07,06/04/2019,1127000.0,HB LLC,Fairfax,VA,8206.0,,Charged Off,05/12/2021,"Leader Bank, National Association",MA,541910,Limited Liability Partnership
KC GROUP LLC,15301 PACIFIC ST,10252 AVENIDA CINCO DE MAYO,FOUNTAIN VALLEY,142-052-10,11/16/2022,820000.0,"K & C GROUP, LLC",Federal Way,WA,17300.0,17481.65,Paid in Full,04/30/2020,Red Canoe CU,WA,812113,Limited  Liability Company(LLC)
PTCM LLC,1940 MAPLE AVE APT 101,10781 LACONIA DR,VILLA PARK,935-500-60,07/09/2013,0.0,"PTCM, LLC",EAGAN,MN,20832.0,20975.47,Paid in Full,08/07/2020,"JPMorgan Chase Bank, National Association",IL,531390,Limited  Liability Company(LLC)
CTA ENTERPRISES LLC,16221 WATSON CIR,9321 STANFORD AVE,GARDEN GROVE,107-911-25,11/19/2019,0.0,CTA ENTERPRISES LLC,GARDEN GROVE,CA,20832.0,21179.58,Paid in Full,04/30/2020,"Bank of America, National Association",NC,523930,Limited  Liability Company(LLC)
CTA ENTERPRISES LLC,5231 CHADWICK DR,13362 BROOKHURST ST,GARDEN GROVE,146-621-12,08/15/2001,0.0,CTA ENTERPRISES LLC,GARDEN GROVE,CA,20832.0,21179.58,Paid in Full,04/30/2020,"Bank of America, National Association",NC,523930,Limited  Liability Company(LLC)
HB LLC,9472 RAMBLER DR,16340 75TH PL W,EDMONDS,149-053-07,06/04/2019,1127000.0,HB LLC,Denver,CO,16882.0,16984.68,Paid in Full,03/26/2021,"Wells Fargo Bank, National Association",SD,423990,Limited  Liability Company(LLC)
OG RESIDENTIAL LLC,8940 COMET CIR,16404 SHADOW CT,LA MIRADA,107-626-20,09/12/2025,925000.0,OG RESIDENTIAL LLC,LA MIRADA,CA,4240.0,4277.75,Paid in Full,05/01/2020,"Wells Fargo Bank, National Association",SD,,Corporation
GALAXY MANAGEMENT LLC,1100 QUAIL ST STE 212,3 RIEZ,NEWPORT COAST,938-941-60,08/29/2014,210000.0,GALAXY MANAGEMENT  LLC,FRISCO,TX,131324.42,,Paid in Full,04/10/2020,Capital Community Bank,UT,531390,Limited Liability Partnership
SAMPSON VENTURES LLC,17682 SAMPSON LN,12221 POPLAR ST STE 3,HESPERIA,165-331-17,01/29/2025,0.0,SAMPSON VENTURES LLC,Panama City,FL,29673.0,29883.56,Paid in Full,02/26/2021,Trustmark National Bank,MS,811192,Limited  Liability Company(LLC)
AGG PROPERTIES LLC,12610 WESTMINSTER AVE # 2A,7070 PATTERSON DR,GARDEN GROVE,938-691-06,,,AGG PROPERTIES LLC,SAINT PETERSBURG,FL,19200.0,19398.93,Paid in Full,05/16/2020,Lake City Bank,IN,531210,Limited  Liability Company(LLC)
DRT LLC,16862 CORAL CAY LN,20101 SW BIRCH ST STE 151,NEWPORT BEACH,178-653-37,07/29/1997,0.0,DRT LLC,BYRON CENTER,MI,23400.0,23700.03,Paid in Full,04/28/2020,Macatawa Bank,MI,999990,Limited  Liability Company(LLC)
GALAXY MANAGEMENT LLC,1100 QUAIL ST STE 212,3 RIEZ,NEWPORT COAST,938-941-60,08/29/2014,210000.0,"GALAXY MANAGEMENT, LLC",AUBURN,MA,86400.0,87514.92,Paid in Full,04/04/2020,bankHometown,MA,541611,Limited  Liability Company(LLC)
HAN LLC,6262 CHINOOK AVE,6431 NAVAJO RD,WESTMINSTER,195-283-09,03/17/2026,900000.0,HAN LLC,Leavenworth,KS,12869.0,12948.72,Paid in Full,02/03/2021,Country Club Bank,MO,722511,Limited  Liability Company(LLC)
HAN LLC,6272 CHINOOK AVE,6431 NAVAJO RD,WESTMINSTER,195-283-10,03/17/2026,900000.0,HAN LLC,Leavenworth,KS,12869.0,12948.72,Paid in Full,02/03/2021,Country Club Bank,MO,722511,Limited  Liability Company(LLC)
SDR LLC,5902 CHINOOK DR,8861 KATELLA AVE,ANAHEIM,195-223-06,03/12/2020,770000.0,SD&R LLC,Southlake,TX,69600.0,70251.53,Paid in Full,01/28/2021,Origin Bank,LA,236118,Limited  Liability Company(LLC)
SDR LLC,15421 HANOVER LN,8861 KATELLA AVE,ANAHEIM,145-151-16,,0.0,SD&R LLC,Southlake,TX,69600.0,70251.53,Paid in Full,01/28/2021,Origin Bank,LA,236118,Limited  Liability Company(LLC)
SDR LLC,16691 BARTLETT LN,8861 KATELLA AVE,ANAHEIM,142-412-08,,0.0,SD&R LLC,Southlake,TX,69600.0,70251.53,Paid in Full,01/28/2021,Origin Bank,LA,236118,Limited  Liability Company(LLC)
SDR LLC,6561 SORENTO CIR,18437 STONEGATE LN,ROWLAND HEIGHTS,145-181-09,,0.0,SD&R LLC,Southlake,TX,69600.0,70251.53,Paid in Full,01/28/2021,Origin Bank,LA,236118,Limited  Liability Company(LLC)
J3 HOLDINGS LLC,12555 EUCLID ST APT 51,340 E 1ST ST UNIT 1590,TUSTIN,930-536-37,07/31/2012,115000.0,J3 HOLDINGS LLC,FARGO,ND,47600.0,47943.78,Paid in Full,04/14/2020,First Western Bank & Trust,ND,531311,Limited  Liability Company(LLC)
J3 HOLDINGS LLC,10371 GARDEN GROVE BLVD APT 32,340 E 1ST ST UNIT 1590,TUSTIN,930-538-25,06/07/2013,0.0,J3 HOLDINGS LLC,FARGO,ND,47600.0,47943.78,Paid in Full,04/14/2020,First Western Bank & Trust,ND,531311,Limited  Liability Company(LLC)
J3 HOLDINGS LLC,12422 WOODBRIDGE DR,340 E 1ST ST UNIT 1590,TUSTIN,935-722-32,01/11/2013,0.0,J3 HOLDINGS LLC,FARGO,ND,47600.0,47943.78,Paid in Full,04/14/2020,First Western Bank & Trust,ND,531311,Limited  Liability Company(LLC)
HB LLC,9472 RAMBLER DR,16340 75TH PL W,EDMONDS,149-053-07,06/04/2019,1127000.0,HB LLC,Wichita,KS,30900.0,31046.78,Paid in Full,01/30/2021,Community National Bank & Trust,KS,721110,Limited  Liability Company(LLC)
SEA AIRE APARTMENTS LLC,729 UTICA AVE,1180 S BEVERLY DR STE 301,LOS ANGELES,025-191-28,02/18/1998,1950000.0,SEA AIRE APARTMENTS LLC,LOS ANGELES,CA,9950.0,10060.28,Paid in Full,06/01/2020,First Bank,MO,531390,Limited  Liability Company(LLC)
SEA AIRE APARTMENTS LLC,733 UTICA AVE,1180 S BEVERLY DR STE 301,LOS ANGELES,025-191-31,01/22/2003,,SEA AIRE APARTMENTS LLC,LOS ANGELES,CA,9950.0,10060.28,Paid in Full,06/01/2020,First Bank,MO,531390,Limited  Liability Company(LLC)
SEA AIRE APARTMENTS LLC,725 UTICA AVE,1180 S BEVERLY DR STE 301,LOS ANGELES,025-191-29,01/22/2003,0.0,SEA AIRE APARTMENTS LLC,LOS ANGELES,CA,9950.0,10060.28,Paid in Full,06/01/2020,First Bank,MO,531390,Limited  Liability Company(LLC)
NM 168 LLC,10139 LIGHTBREEZE CIR,10900 WARNER AVE STE 120,FOUNTAIN VALLEY,155-151-08,12/02/2022,2782500.0,NM 168 LLC,Irvine,CA,5767.0,5804.36,Paid in Full,03/12/2021,"JPMorgan Chase Bank, National Association",OH,531120,Partnership
NM 168 LLC,10149 LIGHTBREEZE CIR,10900 WARNER AVE STE 120,FOUNTAIN VALLEY,155-151-07,12/02/2022,2782500.0,NM 168 LLC,Irvine,CA,5767.0,5804.36,Paid in Full,03/12/2021,"JPMorgan Chase Bank, National Association",OH,531120,Partnership
ALCHEMY FACTORY LLC,2900 BRISTOL ST # 39,2900 BRISTOL ST STE D201,COSTA MESA,939-570-79,03/04/2016,620000.0,ALCHEMY FACTORY LLC,Costa Mesa,CA,9600.0,9675.48,Paid in Full,05/01/2020,"Zions Bank, A Division of",UT,541613,Limited  Liability Company(LLC)
BARAKAH LLC,8161 SAN ANGELO DR,9581 WESTWOOD DR,WESTMINSTER,107-773-08,06/08/2007,0.0,"BARAKAH, LLC",FAIRFIELD,CT,13000.0,13097.95,Paid in Full,06/29/2020,First County Bank,CT,445310,Limited  Liability Company(LLC)
DBS-ENTERPRISES LLC,2881 COAST CIR APT A,8820 W RUSSELL RD STE 160,LAS VEGAS,936-770-37,06/30/2022,1780000.0,DBS ENTERPRISES LLC,CAMDEN WYOMING,DE,78693.87,79377.32,Paid in Full,04/28/2020,"Wilmington Savings Fund Society, FSB",DE,811121,Limited  Liability Company(LLC)
SAMPSON VENTURES LLC,17682 SAMPSON LN,12221 POPLAR ST STE 3,HESPERIA,165-331-17,01/29/2025,0.0,"SAMPSON VENTURES, LLC",PANAMA CITY,FL,35480.0,35757.93,Paid in Full,04/29/2020,Trustmark National Bank,MS,531210,Limited  Liability Company(LLC)
JJ HOLDINGS LLC,20331 BLUFFSIDE CIR # A204,6000 HACKBERRY CT,FRISCO,936-178-59,12/12/2019,0.0,"J&J HOLDINGS, LLC",Shakopee,MN,34837.0,35298.95,Paid in Full,03/20/2021,"Bank of America, National Association",NC,238910,Limited  Liability Company(LLC)
INSIGHT PROPERTIES LLC,3151 AIRWAY AVE STE M3,3151 AIRWAY AVE STE J2,COSTA MESA,938-940-68,09/28/2005,,INSIGHT PROPERTIES LLC,SAINT CHARLES,MO,14500.0,14622.44,Paid in Full,04/28/2020,First Mid Bank and Trust National Association,MO,531210,Limited  Liability Company(LLC)
FRR LLC,17711 CRABB LN,12304 MCCANN DR,SANTA FE SPRINGS,165-291-14,,0.0,"FRR, LLC",Burlington,IA,8600.0,8658.77,Paid in Full,06/29/2020,MidWestOne Bank,IA,238220,Limited  Liability Company(LLC)
FRR LLC,17712 CRABB LN,12304 MCCANN DR,SANTA FE SPRINGS,165-291-15,,0.0,"FRR, LLC",Burlington,IA,8600.0,8658.77,Paid in Full,06/29/2020,MidWestOne Bank,IA,238220,Limited  Liability Company(LLC)
JS PROPERTIES LLC,121 MAIN ST,4475 MISSION BLVD STE 226,SAN DIEGO,024-153-17,03/22/2024,0.0,JS PROPERTIES LLC,Dix Hills,NY,17575.0,17757.97,Paid in Full,06/23/2020,Celtic Bank Corporation,UT,541990,Sole Proprietorship
SDR LLC,5902 CHINOOK DR,8861 KATELLA AVE,ANAHEIM,195-223-06,03/12/2020,770000.0,SDR LLC,Salt Lake City,UT,6796.87,6831.32,Paid in Full,05/07/2021,Mountain America FCU,UT,541990,Corporation
SDR LLC,15421 HANOVER LN,8861 KATELLA AVE,ANAHEIM,145-151-16,,0.0,SDR LLC,Salt Lake City,UT,6796.87,6831.32,Paid in Full,05/07/2021,Mountain America FCU,UT,541990,Corporation
SDR LLC,16691 BARTLETT LN,8861 KATELLA AVE,ANAHEIM,142-412-08,,0.0,SDR LLC,Salt Lake City,UT,6796.87,6831.32,Paid in Full,05/07/2021,Mountain America FCU,UT,541990,Corporation
SDR LLC,6561 SORENTO CIR,18437 STONEGATE LN,ROWLAND HEIGHTS,145-181-09,,0.0,SDR LLC,Salt Lake City,UT,6796.87,6831.32,Paid in Full,05/07/2021,Mountain America FCU,UT,541990,Corporation
FOCUS REALTY LLC,4340 VON KARMAN AVE STE 200,19100 VON KARMAN AVE STE 570,NEWPORT BEACH,934-057-12,10/27/2017,1912000.0,FOCUS REALTY LLC,DASSEL,MN,7500.0,7574.79,Paid in Full,05/15/2020,Royal CU,WI,531210,Limited  Liability Company(LLC)
FOCUS REALTY LLC,4340 VON KARMAN AVE STE 201,19100 VON KARMAN AVE STE 570,NEWPORT BEACH,934-057-13,,,FOCUS REALTY LLC,DASSEL,MN,7500.0,7574.79,Paid in Full,05/15/2020,Royal CU,WI,531210,Limited  Liability Company(LLC)
FOCUS REALTY LLC,4340 VON KARMAN AVE STE 211,19100 VON KARMAN AVE STE 570,NEWPORT BEACH,934-057-23,,,FOCUS REALTY LLC,DASSEL,MN,7500.0,7574.79,Paid in Full,05/15/2020,Royal CU,WI,531210,Limited  Liability Company(LLC)
JJ HOLDINGS LLC,20331 BLUFFSIDE CIR # A204,6000 HACKBERRY CT,FRISCO,936-178-59,12/12/2019,0.0,J&J HOLDINGS LLC,Florence,MS,7500.0,7520.75,Paid in Full,04/29/2021,Regions Bank,AL,541618,Limited  Liability Company(LLC)
DRIVE LLC,3080 AIRWAY AVE STE 104,PO BOX 3639,NEWPORT BEACH,938-980-55,,,DRIVE LLC,HUBBARD,OH,21600.0,21787.2,Paid in Full,05/01/2020,"PNC Bank, National Association",DE,561990,Subchapter S Corporation
BARAKAH LLC,8161 SAN ANGELO DR,9581 WESTWOOD DR,WESTMINSTER,107-773-08,06/08/2007,0.0,BARAKAH LLC,TACOMA,WA,40770.0,41198.92,Paid in Full,05/01/2020,"Bank of America, National Association",NC,,Limited  Liability Company(LLC)
S & S 1 LLC,9514 BICKLEY DR # 8,1733 MONROVIA AVE STE V,COSTA MESA,931-930-16,01/17/1996,0.0,"SS1, LLC",AVON LAKE,OH,20000.0,20187.83,Paid in Full,08/03/2020,"JPMorgan Chase Bank, National Association",IL,511210,Limited  Liability Company(LLC)
DRIVE LLC,3080 AIRWAY AVE STE 104,PO BOX 3639,NEWPORT BEACH,938-980-55,,,DRIVE LLC,Hubbard,OH,22557.0,22694.85,Paid in Full,03/12/2021,"PNC Bank, National Association",DE,511120,Subchapter S Corporation
PARS LLC,200 HARBOR WOODS PL,3117 S COLUMBIA CIR,TULSA,934-040-58,06/14/2018,0.0,PARS LLC,FARMINGTON HILLS,MI,13692.0,13843.33,Paid in Full,05/01/2020,"JPMorgan Chase Bank, National Association",IL,,Corporation
GARDEN RANCH LLC,12888 WESTERN AVE,1166 REDFERN CT,CONCORD,931-432-21,06/12/2019,365000.0,GARDEN RANCH LLC,COLORADO SPRINGS,CO,17807.0,17973.27,Paid in Full,05/01/2020,"JPMorgan Chase Bank, National Association",IL,,Limited  Liability Company(LLC)
SDR LLC,5902 CHINOOK DR,8861 KATELLA AVE,ANAHEIM,195-223-06,03/12/2020,770000.0,SDR LLC,SALT LAKE CITY,UT,6200.0,6262.17,Paid in Full,05/20/2020,Mountain America FCU,UT,541990,Corporation
SDR LLC,15421 HANOVER LN,8861 KATELLA AVE,ANAHEIM,145-151-16,,0.0,SDR LLC,SALT LAKE CITY,UT,6200.0,6262.17,Paid in Full,05/20/2020,Mountain America FCU,UT,541990,Corporation
SDR LLC,16691 BARTLETT LN,8861 KATELLA AVE,ANAHEIM,142-412-08,,0.0,SDR LLC,SALT LAKE CITY,UT,6200.0,6262.17,Paid in Full,05/20/2020,Mountain America FCU,UT,541990,Corporation
SDR LLC,6561 SORENTO CIR,18437 STONEGATE LN,ROWLAND HEIGHTS,145-181-09,,0.0,SDR LLC,SALT LAKE CITY,UT,6200.0,6262.17,Paid in Full,05/20/2020,Mountain America FCU,UT,541990,Corporation
WILDCAT PROPERTIES LLC,200 PACIFIC COAST HWY UNIT 345,4800 COLLEGE BLVD STE 204,FARMINGTON,939-506-09,07/02/2010,600000.0,WILDCAT PROPERTIES LLC,Greenfield Center,NY,4000.0,4040.44,Paid in Full,06/03/2020,WebBank,UT,532289,Limited  Liability Company(LLC)
ARABELLA LLC,17162 BLUEWATER LN # 165,18340 YORBA LINDA BLVD # 107-24,YORBA LINDA,933-831-65,11/17/1997,0.0,ARABELLA LLC,Skaneateles,NY,4303.16,4329.8,Paid in Full,05/01/2020,Celtic Bank Corporation,UT,812112,Limited  Liability Company(LLC)
L & E HOLDINGS LLC,10541 LAKESIDE DR S # 159,9932 CRIS AVE,ANAHEIM,939-881-59,12/19/1997,0.0,L & E HOLDINGS LLC,GROVE,OK,4700.0,4743.21,Paid in Full,04/07/2020,Arvest Bank,AR,812910,Limited  Liability Company(LLC)
POS LLC,227 2ND ST,328 DIAGONAL RD,EL DORADO,024-165-23,03/29/2007,0.0,"POS, LLC",EDMOND,OK,18200.0,18332.96,Paid in Full,04/04/2020,First National Bank of Oklahoma,OK,621320,Limited  Liability Company(LLC)
INSIGHT PROPERTIES LLC,3151 AIRWAY AVE STE M3,3151 AIRWAY AVE STE J2,COSTA MESA,938-940-68,09/28/2005,,INSIGHT PROPERTIES LLC,Happy Valley,OR,20833.0,20910.55,Paid in Full,04/07/2021,Itria Ventures LLC,NY,236117,Limited  Liability Company(LLC)
YSA LLC,12 HARBOR IS,4343 VON KARMAN AVE STE 350,NEWPORT BEACH,988-023-55,,,YSA LLC,RICHMOND,VA,2296.0,2323.3,Paid in Full,06/23/2020,"Kabbage, Inc.",GA,445120,Limited  Liability Company(LLC)
BARAKAH LLC,8161 SAN ANGELO DR,9581 WESTWOOD DR,WESTMINSTER,107-773-08,06/08/2007,0.0,BARAKAH LLC,Renton,WA,40770.0,40997.87,Paid in Full,01/25/2021,"Bank of America, National Association",NC,447110,Limited  Liability Company(LLC)
TRIUMVIRATE LLC,21951 BROOKHURST ST,9874 RARITAN AVE,FOUNTAIN VALLEY,151-234-09,11/19/2021,2800000.0,TRIUMVIRATE LLC,Cheyenne,WY,9237.05,9317.02,Paid in Full,04/10/2021,Pinnacle Bank-Wyoming,WY,451120,Corporation
ARABELLA LLC,17162 BLUEWATER LN # 165,18340 YORBA LINDA BLVD # 107-24,YORBA LINDA,933-831-65,11/17/1997,0.0,ARABELLA LLC,Skaneateles,NY,5830.84,5884.04,Paid in Full,02/19/2021,"Square Capital, LLC",CA,812112,Limited  Liability Company(LLC)
TB THE TWINS LLC,7425 LAMPSON AVE,6022 E JACK PINE LN,ORANGE,936-751-57,01/26/2017,0.0,"TB THE TWINS, LLC",ORANGE,CA,8750.0,8861.71,Paid in Full,05/01/2020,"JPMorgan Chase Bank, National Association",IL,999990,Limited  Liability Company(LLC)
TB THE TWINS LLC,7427 LAMPSON AVE,6022 E JACK PINE LN,ORANGE,936-751-58,01/26/2017,0.0,"TB THE TWINS, LLC",ORANGE,CA,8750.0,8861.71,Paid in Full,05/01/2020,"JPMorgan Chase Bank, National Association",IL,999990,Limited  Liability Company(LLC)
CTA ENTERPRISES LLC,16221 WATSON CIR,9321 STANFORD AVE,GARDEN GROVE,107-911-25,11/19/2019,0.0,CTA ENTERPRISES LLC,Garden Grove,CA,20832.0,20929.6,Paid in Full,03/25/2021,Cross River Bank,NJ,531210,Limited  Liability Company(LLC)
CTA ENTERPRISES LLC,5231 CHADWICK DR,13362 BROOKHURST ST,GARDEN GROVE,146-621-12,08/15/2001,0.0,CTA ENTERPRISES LLC,Garden Grove,CA,20832.0,20929.6,Paid in Full,03/25/2021,Cross River Bank,NJ,531210,Limited  Liability Company(LLC)
GOSPA LLC,12610 WESTMINSTER AVE # 2C,10635 BRUNS DR,TUSTIN,938-691-08,06/27/2016,583000.0,"GO SPA, LLC",CHICAGO,IL,3700.0,3735.38,Paid in Full,04/15/2020,BMO Bank National Association,IL,812199,Limited  Liability Company(LLC)
HSIAO GROUP LLC,1687 TOPANGA,225 DEERFIELD DR,WALNUT,930-617-42,,0.0,"HSIAO-GROUP, LLC",BUFFALO GROVE,IL,104100.0,35188.77,Paid in Full,04/15/2020,"Citibank, N.A.",SD,541614,Limited  Liability Company(LLC)
DDA LLC,17150 SAN MATEO ST # 9,PO BOX 722,ZEPHYR COVE,930-294-09,04/10/2009,0.0,DDA LLC,Louisville,KY,35500.0,35765.26,Paid in Full,01/25/2021,Republic Bank & Trust Company,KY,722410,Limited  Liability Company(LLC)
BAM HOMES LLC,21851 NEWLAND ST SPC 270,135 S STATE COLLEGE BLVD STE 200,BREA,890-892-70,,,BAM HOMES LLC,Lake Oswego,OR,2417.0,2444.35,Paid in Full,02/05/2021,KeyBank National Association,OH,236118,Subchapter S Corporation
DLC ENTERPRISES LLC,17392 QUEENS LN,2650 ELM AVE STE 218,LONG BEACH,165-233-04,12/02/2016,1125000.0,DLC ENTERPRISES LLC,Lincoln,RI,16042.0,16147.16,Paid in Full,01/20/2021,Navigant CU,RI,423110,Limited  Liability Company(LLC)
HAN LLC,6262 CHINOOK AVE,6431 NAVAJO RD,WESTMINSTER,195-283-09,03/17/2026,900000.0,HAN LLC,FREEPORT,ME,32900.0,33001.85,Paid in Full,07/10/2020,Bath Savings Institution,ME,722513,Limited  Liability Company(LLC)
HAN LLC,6272 CHINOOK AVE,6431 NAVAJO RD,WESTMINSTER,195-283-10,03/17/2026,900000.0,HAN LLC,FREEPORT,ME,32900.0,33001.85,Paid in Full,07/10/2020,Bath Savings Institution,ME,722513,Limited  Liability Company(LLC)
ERA VENTURES LLC,8700 WARNER AVE,11160 WARNER AVE STE 315,FOUNTAIN VALLEY,167-371-01,08/28/2018,4000000.0,ERA VENTURES LLC,Cotto Laurel,PR,11400.0,11475.68,Paid in Full,06/24/2020,Banco Popular de Puerto Rico,PR,551114,Limited  Liability Company(LLC)
S & N COMPANY LLC,6422 DUNN DR,PO BOX 4035,WESTMINSTER,145-271-05,01/21/2016,0.0,"S N COMPANY, LLC",FLORENCE,SC,8500.0,8566.82,Paid in Full,04/12/2020,First Bank,NC,721110,Limited  Liability Company(LLC)
S & N COMPANY LLC,15942 PLYMOUTH LN,PO BOX 4035,WESTMINSTER,145-095-07,01/20/2016,0.0,"S N COMPANY, LLC",FLORENCE,SC,8500.0,8566.82,Paid in Full,04/12/2020,First Bank,NC,721110,Limited  Liability Company(LLC)
S & N COMPANY LLC,5351 OCEANUS DR,PO BOX 4035,WESTMINSTER,145-014-66,02/28/1996,0.0,"S N COMPANY, LLC",FLORENCE,SC,8500.0,8566.82,Paid in Full,04/12/2020,First Bank,NC,721110,Limited  Liability Company(LLC)
S & N COMPANY LLC,115 8TH ST,PO BOX 4035,WESTMINSTER,024-123-07,,0.0,"S N COMPANY, LLC",FLORENCE,SC,8500.0,8566.82,Paid in Full,04/12/2020,First Bank,NC,721110,Limited  Liability Company(LLC)
DBS-ENTERPRISES LLC,2881 COAST CIR APT A,8820 W RUSSELL RD STE 160,LAS VEGAS,936-770-37,06/30/2022,1780000.0,DBS ENTERPRISES LLC,Camden Wyoming,DE,78692.0,79392.68,Paid in Full,03/20/2021,Northeast Bank,ME,811121,Limited  Liability Company(LLC)
SDR LLC,5902 CHINOOK DR,8861 KATELLA AVE,ANAHEIM,195-223-06,03/12/2020,770000.0,SDR LLC,GASTON,SC,13200.0,13312.83,Paid in Full,06/11/2020,Regions Bank,AL,484220,Limited  Liability Company(LLC)
SDR LLC,15421 HANOVER LN,8861 KATELLA AVE,ANAHEIM,145-151-16,,0.0,SDR LLC,GASTON,SC,13200.0,13312.83,Paid in Full,06/11/2020,Regions Bank,AL,484220,Limited  Liability Company(LLC)
SDR LLC,16691 BARTLETT LN,8861 KATELLA AVE,ANAHEIM,142-412-08,,0.0,SDR LLC,GASTON,SC,13200.0,13312.83,Paid in Full,06/11/2020,Regions Bank,AL,484220,Limited  Liability Company(LLC)
SDR LLC,6561 SORENTO CIR,18437 STONEGATE LN,ROWLAND HEIGHTS,145-181-09,,0.0,SDR LLC,GASTON,SC,13200.0,13312.83,Paid in Full,06/11/2020,Regions Bank,AL,484220,Limited  Liability Company(LLC)
CMR INVESTMENTS LLC,280 CAGNEY LN APT 115,1 PROSPECTOR DR,PARK CITY,930-775-73,03/13/2026,810000.0,"CMR INVESTMENTS, LLC",CUSTER,SD,20029.0,20041.07,Paid in Full,04/10/2020,Black Hills FCU,SD,531210,Limited  Liability Company(LLC)
ARABELLA LLC,17162 BLUEWATER LN # 165,18340 YORBA LINDA BLVD # 107-24,YORBA LINDA,933-831-65,11/17/1997,0.0,"ARABELLA, LLC",Glen Arbor,MI,3379.0,3400.11,Paid in Full,04/27/2020,Honor Bank,MI,453220,Limited  Liability Company(LLC)
ATN LLC,18586 GARNET LN,18586 GRANITE AVE # K,RIVERSIDE,111-391-59,02/13/2020,0.0,"ATN, LLC",NORFOLK,NE,17600.0,17694.03,Paid in Full,06/23/2020,Elkhorn Valley Bank & Trust,NE,453998,Corporation
POSEIDON ENTERPRISES LLC,16891 CORAL CAY LN,14269 FERN AVE,CHINO,178-653-19,02/17/2005,0.0,POSEIDON ENTERPRISES LLC,Hillsborough,NJ,6070.0,6109.99,Paid in Full,03/17/2021,"JPMorgan Chase Bank, National Association",OH,561790,Limited  Liability Company(LLC)
HB LLC,9472 RAMBLER DR,16340 75TH PL W,EDMONDS,149-053-07,06/04/2019,1127000.0,HB LLC,LAS VEGAS,NV,34923.0,35225.35,Paid in Full,04/15/2020,"Bank of America, National Association",NC,442210,Corporation
ARES INVESTMENT GROUP LLC,7755 CENTER AVE,1683 SUNFLOWER AVE STE B,COSTA MESA,142-342-17,09/18/2023,42000000.0,"ARES INVESTMENT GROUP, LLC",Reno,NV,24000.0,24352.0,Paid in Full,07/20/2020,MBE Capital Partners,NJ,531390,Limited  Liability Company(LLC)
ARES INVESTMENT GROUP LLC,7777 CENTER AVE,1683 SUNFLOWER AVE STE B,COSTA MESA,142-342-20,09/18/2023,42000000.0,"ARES INVESTMENT GROUP, LLC",Reno,NV,24000.0,24352.0,Paid in Full,07/20/2020,MBE Capital Partners,NJ,531390,Limited  Liability Company(LLC)
ARES INVESTMENT GROUP LLC,7767 CENTER AVE,1683 SUNFLOWER AVE STE B,COSTA MESA,142-342-15,09/18/2023,42000000.0,"ARES INVESTMENT GROUP, LLC",Reno,NV,24000.0,24352.0,Paid in Full,07/20/2020,MBE Capital Partners,NJ,531390,Limited  Liability Company(LLC)
ARES INVESTMENT GROUP LLC,7711 CENTER AVE,1683 SUNFLOWER AVE STE B,COSTA MESA,142-342-16,09/18/2023,42000000.0,"ARES INVESTMENT GROUP, LLC",Reno,NV,24000.0,24352.0,Paid in Full,07/20/2020,MBE Capital Partners,NJ,531390,Limited  Liability Company(LLC)
PALACE PROPERTIES LLC,755 W 17TH ST STE I,1575 PLACENTIA AVE,NEWPORT BEACH,939-831-09,12/12/2014,375000.0,PALACE PROPERTIES LLC,AURORA,IL,7200.0,7289.75,Paid in Full,04/15/2020,"Associated Bank, National Association",WI,531110,Limited  Liability Company(LLC)
LEE BROTHERS LLC,7042 KEARNY DR,18685 SANTA IRENE ST,FOUNTAIN VALLEY,111-130-36,09/25/2003,,LEE BROTHERS LLC,Hanston,KS,20800.0,20875.11,Paid in Full,01/21/2021,Bank of Hays,KS,111199,Limited  Liability Company(LLC)
A & D LLC,5821 VIEW CIR,18055 BUSHARD ST,FOUNTAIN VALLEY,146-312-13,05/18/2021,0.0,A&D LLC,TONGANOXIE,KS,3500.0,3524.6,Paid in Full,06/30/2020,First State Bank and Trust,KS,447110,Limited  Liability Company(LLC)
KC GROUP LLC,15301 PACIFIC ST,10252 AVENIDA CINCO DE MAYO,FOUNTAIN VALLEY,142-052-10,11/16/2022,820000.0,K & C GROUP LLC.,Omaha,NE,11777.0,11904.58,Paid in Full,04/15/2020,WebBank,UT,454110,Corporation
ARABELLA LLC,17162 BLUEWATER LN # 165,18340 YORBA LINDA BLVD # 107-24,YORBA LINDA,933-831-65,11/17/1997,0.0,ARABELLA  LLC,Winter Park,FL,12100.0,12192.43,Paid in Full,02/17/2021,Fifth Third Bank,OH,448120,Limited  Liability Company(LLC)
COVE CAPITAL LLC,2230 PACIFIC AVE APT A,172 SIDNEY BAY DR,NEWPORT COAST,935-840-24,06/29/2023,3400000.0,"COVE CAPITAL, LLC",Boca Raton,FL,8750.0,8844.93,Paid in Full,06/12/2020,Celtic Bank Corporation,UT,236115,Limited  Liability Company(LLC)
COVE CAPITAL LLC,2230 PACIFIC AVE APT B,172 SIDNEY BAY DR,NEWPORT COAST,935-840-25,,0.0,"COVE CAPITAL, LLC",Boca Raton,FL,8750.0,8844.93,Paid in Full,06/12/2020,Celtic Bank Corporation,UT,236115,Limited  Liability Company(LLC)
COVE CAPITAL LLC,2230 PACIFIC AVE APT C,172 SIDNEY BAY DR,NEWPORT COAST,935-840-26,,0.0,"COVE CAPITAL, LLC",Boca Raton,FL,8750.0,8844.93,Paid in Full,06/12/2020,Celtic Bank Corporation,UT,236115,Limited  Liability Company(LLC)
COVE CAPITAL LLC,2230 PACIFIC AVE APT D,172 SIDNEY BAY DR,NEWPORT COAST,935-840-27,,0.0,"COVE CAPITAL, LLC",Boca Raton,FL,8750.0,8844.93,Paid in Full,06/12/2020,Celtic Bank Corporation,UT,236115,Limited  Liability Company(LLC)
COVE CAPITAL LLC,2230 PACIFIC AVE,172 SIDNEY BAY DR,NEWPORT COAST,935-840-28,,0.0,"COVE CAPITAL, LLC",Boca Raton,FL,8750.0,8844.93,Paid in Full,06/12/2020,Celtic Bank Corporation,UT,236115,Limited  Liability Company(LLC)
JJ HOLDINGS LLC,20331 BLUFFSIDE CIR # A204,6000 HACKBERRY CT,FRISCO,936-178-59,12/12/2019,0.0,JJ HOLDINGS LLC,LAFAYETTE,LA,36200.0,36474.72,Paid in Full,04/04/2020,Gulf Coast Bank,LA,722513,Limited  Liability Company(LLC)
ERA VENTURES LLC,8700 WARNER AVE,11160 WARNER AVE STE 315,FOUNTAIN VALLEY,167-371-01,08/28/2018,4000000.0,ERA VENTURES LLC,COTO LAUREL,PR,16500.0,16619.17,Paid in Full,01/29/2021,Banco Popular de Puerto Rico,PR,541611,Limited  Liability Company(LLC)
ARABELLA LLC,17162 BLUEWATER LN # 165,18340 YORBA LINDA BLVD # 107-24,YORBA LINDA,933-831-65,11/17/1997,0.0,ARABELLA LLC,Glen Arbor,MI,3379.0,3411.85,Paid in Full,01/19/2021,Honor Bank,MI,453220,Limited  Liability Company(LLC)
TR ENTERPRISE LLC,17090 SAN BRUNO ST # 13,18627 BROOKHURST ST # 445,FOUNTAIN VALLEY,930-295-35,02/04/2009,0.0,"T & R ENTERPRISE, LLC",BOONE,NC,35600.0,35994.04,Paid in Full,04/28/2020,Skyline National Bank,VA,561499,Limited  Liability Company(LLC)
TR ENTERPRISE LLC,10200 LA HACIENDA AVE # 1,18627 BROOKHURST ST # 445,FOUNTAIN VALLEY,930-294-01,10/08/2002,0.0,"T & R ENTERPRISE, LLC",BOONE,NC,35600.0,35994.04,Paid in Full,04/28/2020,Skyline National Bank,VA,561499,Limited  Liability Company(LLC)
PHAM FAMILY LLC,7192 MAIN ST # 10,9800 NEWVILLE AVE,DOWNEY,939-100-16,04/05/2007,0.0,"PHAM FAMILY, LLC",TUCKER,GA,36424.0,36914.98,Paid in Full,05/01/2020,"Bank of America, National Association",NC,561499,Limited  Liability Company(LLC)
JBH LLC,711 W 17TH ST # 19,18331 E SANTA CLARA AVE,NORTH TUSTIN,939-830-19,03/16/2000,0.0,JBH LLC,Falls Church,VA,20800.0,21090.62,Paid in Full,05/19/2020,Atlantic Union Bank,VA,531210,Limited  Liability Company(LLC)
PALACE PROPERTIES LLC,755 W 17TH ST STE I,1575 PLACENTIA AVE,NEWPORT BEACH,939-831-09,12/12/2014,375000.0,"PALACE PROPERTIES, LLC",HUNTINGTON,WV,46500.0,47101.92,Paid in Full,04/07/2020,United Bank,VA,531110,Limited  Liability Company(LLC)
RCP ENTERPRISES LLC,1688 TOPANGA,135 VIA YELLA,NEWPORT BEACH,930-617-47,,,"RCP ENTERPRISES, LLC",Johnston,RI,7155.0,7205.14,Paid in Full,04/28/2020,"TD Bank, National Association",DE,236220,Limited  Liability Company(LLC)
DBS-ENTERPRISES LLC,2881 COAST CIR APT A,8820 W RUSSELL RD STE 160,LAS VEGAS,936-770-37,06/30/2022,1780000.0,DBS ENTERPRISES LLC,Miller,SD,14407.5,14493.16,Paid in Full,04/08/2021,First Dakota National Bank,SD,236220,Limited  Liability Company(LLC)
JBH LLC,711 W 17TH ST # 19,18331 E SANTA CLARA AVE,NORTH TUSTIN,939-830-19,03/16/2000,0.0,JBH LLC,DALTON,PA,28067.0,28378.86,Paid in Full,04/29/2020,The Honesdale National Bank,PA,722511,Sole Proprietorship
LA COLONIA LLC,9436 LA COLONIA AVE,16101 WALKER CIR,WESTMINSTER,167-163-19,03/02/2020,0.0,LA COLONIA LLC,Suitland,MD,29600.0,29901.76,Paid in Full,06/12/2020,Atlantic Union Bank,VA,445110,Limited  Liability Company(LLC)
BW & ASSOCIATES LLC,1200 RUTLAND RD # 25,2 PACIFIC WINDS,NEWPORT COAST,934-180-25,09/02/2022,0.0,B&W ASSOCIATES LLC,Aurora,CO,5800.0,5816.59,Paid in Full,03/26/2021,"Newtek Small Business Finance, Inc.",NY,334220,Corporation
ARES INVESTMENT GROUP LLC,7755 CENTER AVE,1683 SUNFLOWER AVE STE B,COSTA MESA,142-342-17,09/18/2023,42000000.0,ARES INVESTMENT GROUP LLC,Reno,NV,20832.0,20887.93,Paid in Full,04/06/2021,"Readycap Lending, LLC",NJ,531390,Limited  Liability Company(LLC)
ARES INVESTMENT GROUP LLC,7777 CENTER AVE,1683 SUNFLOWER AVE STE B,COSTA MESA,142-342-20,09/18/2023,42000000.0,ARES INVESTMENT GROUP LLC,Reno,NV,20832.0,20887.93,Paid in Full,04/06/2021,"Readycap Lending, LLC",NJ,531390,Limited  Liability Company(LLC)
ARES INVESTMENT GROUP LLC,7767 CENTER AVE,1683 SUNFLOWER AVE STE B,COSTA MESA,142-342-15,09/18/2023,42000000.0,ARES INVESTMENT GROUP LLC,Reno,NV,20832.0,20887.93,Paid in Full,04/06/2021,"Readycap Lending, LLC",NJ,531390,Limited  Liability Company(LLC)
ARES INVESTMENT GROUP LLC,7711 CENTER AVE,1683 SUNFLOWER AVE STE B,COSTA MESA,142-342-16,09/18/2023,42000000.0,ARES INVESTMENT GROUP LLC,Reno,NV,20832.0,20887.93,Paid in Full,04/06/2021,"Readycap Lending, LLC",NJ,531390,Limited  Liability Company(LLC)
AGHA LLC,7852 RONALD DR,16 GENEVE,NEWPORT BEACH,165-302-12,06/30/2021,0.0,AGHA LLC,Blauvelt,NY,49745.0,50070.0,Paid in Full,01/30/2021,"JPMorgan Chase Bank, National Association",OH,424120,Limited  Liability Company(LLC)
GOSPA LLC,12610 WESTMINSTER AVE # 2C,10635 BRUNS DR,TUSTIN,938-691-08,06/27/2016,583000.0,GO SPA LLC,Chicago,IL,5557.5,5598.31,Paid in Full,01/20/2021,BMO Bank National Association,IL,812199,Limited  Liability Company(LLC)
DNA INVESTMENTS LLC,7 IMA LOA CT # 160,7 IMA LOA CT,NEWPORT BEACH,932-581-60,06/27/2025,1575000.0,DNA INVESTMENTS LLC,New Orleans,LA,2452.0,2462.21,Paid in Full,04/17/2021,Customers Bank,PA,561720,Limited  Liability Company(LLC)
LA COLONIA LLC,9436 LA COLONIA AVE,16101 WALKER CIR,WESTMINSTER,167-163-19,03/02/2020,0.0,LA COLONIA LLC,SUITLAND,MD,29602.0,29769.74,Paid in Full,02/01/2021,Atlantic Union Bank,VA,445110,Limited  Liability Company(LLC)
EVERSTONE CAPITAL LLC,280 CAGNEY LN APT 116,268 AMBROISE,NEWPORT COAST,930-775-74,03/07/2025,900000.0,EVERSTONE CAPITAL LLC,NEW YORK,NY,146499.0,,Paid in Full,05/19/2020,First Source Federal Credit Union,NY,812990,Limited  Liability Company(LLC)
KJH INVESTMENTS LLC,17210 SAN MATEO ST # 24,12761 LONGDEN ST,GARDEN GROVE,930-294-24,08/31/2022,1166000.0,K & J H INVESTMENTS LLC,Milwaukee,WI,1457.0,1460.76,Paid in Full,05/12/2021,"U.S. Bank, National Association",OH,531311,Limited  Liability Company(LLC)
BOBS GARAGE LLC,711 W 17TH ST # 92,PO BOX 980,CORONA DEL MAR,939-830-92,10/11/2019,0.0,BOB'S GARAGE LLC,HANSFORD,WV,12990.0,13108.71,Paid in Full,04/13/2020,City National Bank of West Virginia,WV,811198,Limited  Liability Company(LLC)
TRIUMVIRATE LLC,21951 BROOKHURST ST,9874 RARITAN AVE,FOUNTAIN VALLEY,151-234-09,11/19/2021,2800000.0,TRIUMVIRATE LLC,CHEYENNE,WY,7700.0,7769.19,Paid in Full,04/15/2020,Pinnacle Bank-Wyoming,WY,453998,Corporation
RAV LLC,1 MAIN ST,175 CHESTNUT ST,SAN FRANCISCO,988-150-06,,,"RAV, L.L.C.",BELLINGHAM,WA,23955.0,24107.61,Paid in Full,04/27/2020,Peoples Bank,WA,236115,Limited  Liability Company(LLC)
RAV LLC,1 MAIN ST,175 CHESTNUT ST,SAN FRANCISCO,988-150-06,,,R-A-V LLC,Lincoln,NE,39200.0,39442.82,Paid in Full,01/21/2021,Midwest Bank,NE,485999,Limited  Liability Company(LLC)
HB LLC,9472 RAMBLER DR,16340 75TH PL W,EDMONDS,149-053-07,06/04/2019,1127000.0,HB LLC,Las Vegas,NV,34922.0,35281.74,Paid in Full,03/03/2021,"Bank of America, National Association",NC,444190,Corporation
JJ HOLDINGS LLC,20331 BLUFFSIDE CIR # A204,6000 HACKBERRY CT,FRISCO,936-178-59,12/12/2019,0.0,"J&J HOLDINGS, LLC",SHAKOPEE,MN,102390.0,100076.93,Paid in Full,05/08/2020,"Bank of America, National Association",NC,484110,Limited  Liability Company(LLC)
PLH HOLDINGS LLC,14335 SUFFOLK ST,14331 SUFFOLK ST,WESTMINSTER,195-421-12,,0.0,PLH HOLDINGS L. L. C.,CHASKA,MN,20800.0,20975.52,Paid in Full,04/15/2020,Bridgewater Bank,MN,531210,Limited  Liability Company(LLC)
INSIGHT PROPERTIES LLC,3151 AIRWAY AVE STE M3,3151 AIRWAY AVE STE J2,COSTA MESA,938-940-68,09/28/2005,,INSIGHT PROPERTIES LLC,Saint Charles,MO,14546.0,14629.24,Paid in Full,03/03/2021,First Mid Bank and Trust National Association,MO,531390,Limited  Liability Company(LLC)
JJ HOLDINGS LLC,20331 BLUFFSIDE CIR # A204,6000 HACKBERRY CT,FRISCO,936-178-59,12/12/2019,0.0,"J&J HOLDINGS, LLC",FLORENCE,MS,9600.0,9691.27,Paid in Full,04/29/2020,Regions Bank,AL,541618,Limited  Liability Company(LLC)
A & D LLC,5821 VIEW CIR,18055 BUSHARD ST,FOUNTAIN VALLEY,146-312-13,05/18/2021,0.0,AD LLC,scarsdale,NY,20800.0,21099.29,Paid in Full,05/01/2020,"Citibank, N.A.",SD,,Limited  Liability Company(LLC)
AMG GROUP LLC,807 MUIRFIELD DR,3 WOODLYN LN,BRADBURY,931-790-44,06/27/2018,900000.0,"AMG GROUP, LLC",Delaware,OH,20800.0,21031.93,Paid in Full,05/02/2020,Live Oak Banking Company,NC,523930,Limited  Liability Company(LLC)
GOODWILL LLC,12838 PALM ST UNIT 2,411 KINGSTON CT,MT PROSPECT,930-174-57,06/28/2019,475000.0,GOODWILL LLC,Brookfield,CT,7900.0,7949.38,Paid in Full,01/26/2021,Union Savings Bank,CT,445120,Limited  Liability Company(LLC)
OG RESIDENTIAL LLC,8940 COMET CIR,16404 SHADOW CT,LA MIRADA,107-626-20,09/12/2025,925000.0,OG RESIDENTIAL LLC,La Mirada,CA,4222.0,4274.75,Paid in Full,02/02/2021,"Wells Fargo Bank, National Association",SD,531390,Corporation
GARDEN RANCH LLC,12888 WESTERN AVE,1166 REDFERN CT,CONCORD,931-432-21,06/12/2019,365000.0,GARDEN RANCH LLC,Colorado Springs,CO,19617.0,19762.25,Paid in Full,02/24/2021,"JPMorgan Chase Bank, National Association",OH,623312,Limited  Liability Company(LLC)
ARABELLA LLC,17162 BLUEWATER LN # 165,18340 YORBA LINDA BLVD # 107-24,YORBA LINDA,933-831-65,11/17/1997,0.0,"ARABELLA, LLC",WINTER PARK,FL,12100.0,12287.21,Paid in Full,05/01/2020,Fifth Third Bank,OH,448120,Limited  Liability Company(LLC)
HB LLC,9472 RAMBLER DR,16340 75TH PL W,EDMONDS,149-053-07,06/04/2019,1127000.0,HB LLC,PROVIDENCE,RI,193170.0,195424.53,Paid in Full,04/15/2020,Webster Bank National Association,CT,541310,Limited  Liability Company(LLC)
LAZER LLC,7782 RONALD DR,41156 CALLE SAN LEON,INDIO,165-302-05,04/19/2011,0.0,LAZER LLC,SADDLE RIVER,NJ,600000.0,,Paid in Full,04/15/2020,"TD Bank, National Association",DE,424330,Limited  Liability Company(LLC)
RAV LLC,1 MAIN ST,175 CHESTNUT ST,SAN FRANCISCO,988-150-06,,,RAV LLC,Myrtle Beach,SC,229100.0,231441.91,Paid in Full,03/18/2021,South Atlantic Bank,SC,722511,Limited Liability Partnership
FIRST HIGHLAND LLC,8171 COBBLESTONE LN # 4,9631 BOLSA AVE,WESTMINSTER,938-270-26,10/17/2012,0.0,"FIRST HIGHLAND, LLC",ORLANDO,FL,205811.48,207311.37,Paid in Full,04/29/2020,United Community Bank,FL,621399,Limited  Liability Company(LLC)
RMI MANAGEMENT LLC,17191 KAMPEN LN,5 RIDGELINE DR,NEWPORT BEACH,167-343-14,06/06/2017,620000.0,RMI MANAGEMENT LLC,LONGVIEW,TX,217702.0,220600.72,Paid in Full,04/06/2020,Texas Bank and Trust Company,TX,722511,Limited  Liability Company(LLC)
THE LE FAMILY LLC,16752 JEFFREY CIR,2279 EAGLE GLEN PKWY # 112-461,CORONA,107-662-06,06/28/2019,0.0,THE LE FAMILY LLC,Killeen,TX,213900.0,216929.76,Paid in Full,02/12/2021,Herring Bank,TX,721110,Limited  Liability Company(LLC)
TRK LLC,7924 STARK DR,3316 LONDON ST,LOS ANGELES,142-083-09,12/06/2016,5250000.0,"TRK, LLC",SALT LAKE CITY,UT,175700.0,178313.84,Paid in Full,04/10/2020,America First FCU,UT,541512,Limited  Liability Company(LLC)
INCUPLACE LLC,88 FAIR DR,PO BOX 3772,ALHAMBRA,988-007-23,,,INCUPLACE LLC,MARINA DEL REY,CA,287175.0,289330.78,Paid in Full,04/28/2020,Mega Bank,CA,541613,Limited  Liability Company(LLC)
2450 COLORADO BLVD LLC,16255 PACIFIC CIR APT 306,9025 S 1300 E,SANDY,936-770-15,02/21/2012,385000.0,2450 COLORADO BLVD LLC,Chatsworth,CA,188000.0,,Exemption 4,06/17/2020,"Zions Bank, A Division of",UT,531110,Limited  Liability Company(LLC)
PACE RECOVERY CENTER LLC,528 16TH ST,3197 AIRPORT LOOP DR STE B,COSTA MESA,023-148-33,07/27/2017,1400000.0,PACE RECOVERY CENTER LLC,NEWPORT BEACH,CA,510549.0,515612.53,Paid in Full,05/01/2020,"Wells Fargo Bank, National Association",SD,624190,Limited  Liability Company(LLC)
LIGHTHOUSE CAFE LLC,1600 W BALBOA BLVD,32565 GOLDEN LANTERN STE B,DANA POINT,988-007-96,,,LIGHTHOUSE CAFE LLC,Newport Beach,CA,366554.0,369265.5,Paid in Full,02/07/2021,"A10Capital, LLC",ID,722511,Limited  Liability Company(LLC)
DRT LLC,16862 CORAL CAY LN,20101 SW BIRCH ST STE 151,NEWPORT BEACH,178-653-37,07/29/1997,0.0,DRT LLC,ONTARIO,OR,357716.32,362048.12,Paid in Full,04/28/2020,Umpqua Bank,WA,423910,Limited  Liability Company(LLC)
SUMMIT PROPERTIES LLC,2501 FLORIDA ST,3334 E WOODBINE RD,ORANGE,025-111-58,03/07/2025,3100000.0,"SUMMIT PROPERTIES, LLC",Hot Springs National Park,AR,48800.0,49181.04,Paid in Full,04/16/2020,Regions Bank,AL,236220,Limited Liability Partnership
SUMMIT PROPERTIES LLC,2501 FLORIDA ST,3334 E WOODBINE RD,ORANGE,025-111-58,03/07/2025,3100000.0,SUMMIT PROPERTIES LLC,Guntersville,AL,16340.0,16419.43,Paid in Full,02/02/2021,Citizens Bank & Trust,AL,531210,Limited  Liability Company(LLC)
SUMMIT PROPERTIES LLC,2501 FLORIDA ST,3334 E WOODBINE RD,ORANGE,025-111-58,03/07/2025,3100000.0,"SUMMIT PROPERTIES, LLC",GUNTERSVILLE,AL,16340.0,16420.79,Paid in Full,04/08/2020,Citizens Bank & Trust,AL,531210,Limited  Liability Company(LLC)
DBS-ENTERPRISES LLC,2881 COAST CIR APT A,8820 W RUSSELL RD STE 160,LAS VEGAS,936-770-37,06/30/2022,1780000.0,DBS ENTERPRISES LLC,Chugiak,AK,53826.0,54187.3,Paid in Full,02/10/2021,Celtic Bank Corporation,UT,236115,Limited  Liability Company(LLC)
DBS-ENTERPRISES LLC,2881 COAST CIR APT A,8820 W RUSSELL RD STE 160,LAS VEGAS,936-770-37,06/30/2022,1780000.0,DBS ENTERPRISES LLC,Chugiak,AK,51455.0,52058.36,Paid in Full,05/05/2020,Celtic Bank Corporation,UT,236115,Limited  Liability Company(LLC)
AMERICA1 LLC,16542 MARIANA CIR,5562 LUTFORD CIR,WESTMINSTER,178-412-06,10/25/2019,0.0,AMERICA #1 LLC,ROGERS,AR,19300.0,19445.29,Paid in Full,04/30/2020,Generations Bank,AR,445120,Corporation
HB LLC,9472 RAMBLER DR,16340 75TH PL W,EDMONDS,149-053-07,06/04/2019,1127000.0,HB LLC,Long Beach,CA,146130.0,147152.91,Paid in Full,02/11/2021,East West Bank,CA,721110,Limited  Liability Company(LLC)
GOLDEN HILLS PROPERTIES LLC,3335 W COAST HWY,9701 WILSHIRE BLVD STE 1115,BEVERLY HILLS,988-023-26,,,GOLDEN HILLS PROPERTIES LLC,Los Angeles,CA,88324.4,88842.08,Paid in Full,01/28/2021,East West Bank,CA,531120,Limited  Liability Company(LLC)
HB LLC,9472 RAMBLER DR,16340 75TH PL W,EDMONDS,149-053-07,06/04/2019,1127000.0,HB LLC,LONG BEACH,CA,105100.0,105794.83,Paid in Full,04/09/2020,East West Bank,CA,721110,Limited  Liability Company(LLC)
GOLDEN HILLS PROPERTIES LLC,3335 W COAST HWY,9701 WILSHIRE BLVD STE 1115,BEVERLY HILLS,988-023-26,,,"GOLDEN HILLS PROPERTIES, LLC",LOS ANGELES,CA,87500.0,88144.1,Paid in Full,04/10/2020,East West Bank,CA,531120,Limited  Liability Company(LLC)
PARKSVILLE INVESTMENT LLC,7450 EDINGER AVE,4848 WILSHIRE BLVD APT 302,LOS ANGELES,142-511-17,12/27/2007,,PARKSVILLE INVESTMENT LLC,LOS ANGELES,CA,29165.0,29650.02,Paid in Full,05/06/2020,Celtic Bank Corporation,UT,531210,Limited  Liability Company(LLC)
SAMPSON VENTURES LLC,17682 SAMPSON LN,12221 POPLAR ST STE 3,HESPERIA,165-331-17,01/29/2025,0.0,SAMPSON VENTURES LLC,Mesa,AZ,20037.0,20241.27,Paid in Full,05/01/2020,WebBank,UT,561499,Limited  Liability Company(LLC)
SAMPSON VENTURES LLC,17682 SAMPSON LN,12221 POPLAR ST STE 3,HESPERIA,165-331-17,01/29/2025,0.0,SAMPSON VENTURES LLC,Mesa,AZ,12653.0,12693.07,Paid in Full,05/07/2021,WebBank,UT,531390,Limited  Liability Company(LLC)
A & D LLC,5821 VIEW CIR,18055 BUSHARD ST,FOUNTAIN VALLEY,146-312-13,05/18/2021,0.0,"A & D, LLC",PHOENIX,AZ,32715.0,33060.54,Paid in Full,05/08/2020,"JPMorgan Chase Bank, National Association",IL,311520,Limited  Liability Company(LLC)
DRT INVESTMENTS LLC,16862 CORAL CAY LN,20101 SW BIRCH ST STE 151,NEWPORT BEACH,988-999-13,,,"DRT INVESTMENTS, LLC",PHOENIX,AZ,17210.0,17369.76,Paid in Full,05/01/2020,"JPMorgan Chase Bank, National Association",IL,999990,Limited  Liability Company(LLC)
DRT INVESTMENTS LLC,19900 BEACH BLVD,20101 SW BIRCH ST STE 151,NEWPORT BEACH,153-091-27,10/28/2003,0.0,"DRT INVESTMENTS, LLC",PHOENIX,AZ,17210.0,17369.76,Paid in Full,05/01/2020,"JPMorgan Chase Bank, National Association",IL,999990,Limited  Liability Company(LLC)
JEK INVESTMENTS LLC,1325 DELAWARE ST,620 TERMINAL WAY,COSTA MESA,025-091-01,,0.0,JEK INVESTMENTS LLC,Phoenix,AZ,26907.0,27221.78,Paid in Full,01/30/2021,Northeast Bank,ME,525920,Subchapter S Corporation
JBH LLC,711 W 17TH ST # 19,18331 E SANTA CLARA AVE,NORTH TUSTIN,939-830-19,03/16/2000,0.0,JBH LLC,PHOENIX,AZ,20607.0,20816.46,Paid in Full,04/27/2020,Stearns Bank National Association,MN,722513,Limited  Liability Company(LLC)
DRT INVESTMENTS LLC,16862 CORAL CAY LN,20101 SW BIRCH ST STE 151,NEWPORT BEACH,988-999-13,,,DRT INVESTMENTS LLC,Phoenix,AZ,24094.0,24246.82,Paid in Full,01/31/2021,"JPMorgan Chase Bank, National Association",OH,722513,Limited  Liability Company(LLC)
DRT INVESTMENTS LLC,19900 BEACH BLVD,20101 SW BIRCH ST STE 151,NEWPORT BEACH,153-091-27,10/28/2003,0.0,DRT INVESTMENTS LLC,Phoenix,AZ,24094.0,24246.82,Paid in Full,01/31/2021,"JPMorgan Chase Bank, National Association",OH,722513,Limited  Liability Company(LLC)
AA INVESTMENT LLC,7942 SPEER DR,16293 HEMLOCK ST,FOUNTAIN VALLEY,165-311-16,08/11/2022,2100000.0,A&A INVESTMENT LLC,GILBERT,AZ,12500.0,12570.83,Paid in Full,04/28/2020,First International Bank & Trust,ND,611710,Limited  Liability Company(LLC)
AA INVESTMENT LLC,7942 SPEER DR,16293 HEMLOCK ST,FOUNTAIN VALLEY,165-311-16,08/11/2022,2100000.0,A&A INVESTMENT LLC,Gilbert,AZ,11942.0,12002.37,Paid in Full,01/21/2021,First International Bank & Trust,ND,611691,Limited  Liability Company(LLC)
A & D LLC,5821 VIEW CIR,18055 BUSHARD ST,FOUNTAIN VALLEY,146-312-13,05/18/2021,0.0,A & D LLC,Phoenix,AZ,55324.47,55607.24,Paid in Full,02/19/2021,First Fidelity Bank,OK,311520,Limited  Liability Company(LLC)
NEWPORT BEACH GOLF COURSE LLC,119-200 IRVINE BLVD,3100 IRVINE AVE,NEWPORT BEACH,988-012-81,,,NEWPORT BEACH GOLF COURSE LLC,NEWPORT BEACH,CA,115400.0,116402.24,Paid in Full,04/15/2020,BayFirst National Bank,FL,713910,Limited  Liability Company(LLC)
BONGOS SPORTFISHING LLC,829 HARBOR ISLAND DR,3181 ROWENA DR,ROSSMOOR,988-015-77,,,BONGOS SPORTFISHING LLC,NEWPORT BEACH,CA,25250.0,25670.66,Paid in Full,05/01/2020,"JPMorgan Chase Bank, National Association",IL,488390,Limited  Liability Company(LLC)
MERRIMAC PARTNERS LLC,20962 CABRILLO LN # 61,19871 YORBA LINDA BLVD STE 105,YORBA LINDA,934-472-42,01/30/2019,1150000.0,MERRIMAC PARTNERS LLC,YORBA LINDA,CA,41665.0,42106.21,Paid in Full,05/01/2020,"JPMorgan Chase Bank, National Association",IL,531120,Limited  Liability Company(LLC)
DEVPRI HOSPITALITY LLC,16220 PACIFIC COAST HWY,16555 PACIFIC COAST HWY,SUNSET BEACH,178-581-12,04/21/2016,1700000.0,DEVPRI HOSPITALITY LLC,Sunset Beach,CA,67100.0,67723.2,Paid in Full,03/13/2021,PCB Bank,CA,721110,Limited  Liability Company(LLC)
DEVPRI HOSPITALITY LLC,16561 PACIFIC COAST HWY,16555 PACIFIC COAST HWY,SUNSET BEACH,178-516-13,,0.0,DEVPRI HOSPITALITY LLC,Sunset Beach,CA,67100.0,67723.2,Paid in Full,03/13/2021,PCB Bank,CA,721110,Limited  Liability Company(LLC)
DEVPRI HOSPITALITY LLC,16220 PACIFIC COAST HWY,16555 PACIFIC COAST HWY,SUNSET BEACH,178-581-12,04/21/2016,1700000.0,DEVPRI HOSPITALITY LLC,SUNSET BEACH,CA,47900.0,48329.13,Paid in Full,04/09/2020,PCB Bank,CA,721110,Limited  Liability Company(LLC)
DEVPRI HOSPITALITY LLC,16561 PACIFIC COAST HWY,16555 PACIFIC COAST HWY,SUNSET BEACH,178-516-13,,0.0,DEVPRI HOSPITALITY LLC,SUNSET BEACH,CA,47900.0,48329.13,Paid in Full,04/09/2020,PCB Bank,CA,721110,Limited  Liability Company(LLC)
RANCHO LA SIESTA LLC,18194 BUSHARD ST,18182 BUSHARD ST,FOUNTAIN VALLEY,157-231-04,12/29/2010,0.0,RANCHO LA SIESTA LLC,Fountain Valley,CA,45000.0,45366.25,Paid in Full,08/05/2020,Fountainhead SBF LLC,FL,531190,Limited  Liability Company(LLC)
H B ENTERPRISE PROPERTY LLC,18372 ENTERPRISE LN,7332 SIENA AVE,WESTMINSTER,159-212-04,,0.0,"H.B. ENTERPRISE PROPERTY, LLC",Garden Grove,CA,145832.5,147849.85,Paid in Full,02/11/2021,Itria Ventures LLC,NY,424990,Limited  Liability Company(LLC)
LFA GROUP LLC,12762 MAIN ST,11461 LAMPSON AVE,GARDEN GROVE,988-072-62,,,"LFA GROUP, LLC",GARDEN GROVE,CA,43290.0,,Paid in Full,04/30/2020,"Bank of America, National Association",NC,722511,Limited  Liability Company(LLC)
CROWN WEALTH PROPERTIES LLC,2900 BRISTOL ST # 1,2900 BRISTOL ST STE B106,COSTA MESA,939-570-01,09/14/2011,0.0,CROWN WEALTH PROPERTIES LLC,COSTA MESA,CA,43190.0,43676.33,Paid in Full,05/01/2020,"Bank of America, National Association",NC,531210,Subchapter S Corporation
WFS PROPERTIES LLC,212 15TH ST,595 W LAMBERT RD STE 108,BREA,024-031-15,07/16/2024,3850000.0,WFS PROPERTIES LLC,BREA,CA,54417.0,54911.97,Paid in Full,05/01/2020,"Bank of America, National Association",NC,531120,Limited  Liability Company(LLC)
PARS LLC,200 HARBOR WOODS PL,3117 S COLUMBIA CIR,TULSA,934-040-58,06/14/2018,0.0,PARS LLC.,Chula Vista,CA,54442.0,54834.74,Paid in Full,02/04/2021,"JPMorgan Chase Bank, National Association",OH,722515,Limited  Liability Company(LLC)
DBS-ENTERPRISES LLC,2881 COAST CIR APT A,8820 W RUSSELL RD STE 160,LAS VEGAS,936-770-37,06/30/2022,1780000.0,DBS ENTERPRISES LLC,SANTA CLARA,CA,131908.0,,Paid in Full,04/15/2020,Heritage Bank of Commerce,CA,722511,Limited  Liability Company(LLC)
SMD INVESTMENTS LLC,1654 IOWA ST UNIT C,9851 OASIS AVE,GARDEN GROVE,932-071-07,09/13/2022,510000.0,SMD INVESTMENTS LLC,Cottondale,AL,21700.0,21909.16,Paid in Full,04/15/2020,Truist Bank,NC,447110,Limited  Liability Company(LLC)
TRIUMVIRATE LLC,21951 BROOKHURST ST,9874 RARITAN AVE,FOUNTAIN VALLEY,151-234-09,11/19/2021,2800000.0,"TRIUMVIRATE, LLC",ANCHORAGE,AK,619100.0,625841.31,Paid in Full,04/09/2020,Bank of Jackson Hole Trust,WY,713920,Limited  Liability Company(LLC)
TRIUMVIRATE LLC,21951 BROOKHURST ST,9874 RARITAN AVE,FOUNTAIN VALLEY,151-234-09,11/19/2021,2800000.0,TRIUMVIRATE LLC,Anchorage,AK,852740.0,859751.42,Paid in Full,02/17/2021,Bank of Jackson Hole Trust,WY,721199,Limited  Liability Company(LLC)
LIGHTHOUSE CAFE LLC,1600 W BALBOA BLVD,32565 GOLDEN LANTERN STE B,DANA POINT,988-007-96,,,"LIGHTHOUSE CAFE, LLC",Newport Beach,CA,256495.0,259397.26,Paid in Full,04/28/2020,US Bank National Association,CA,722511,Limited  Liability Company(LLC)
PACIFIC METALS GROUP LLC,829 HARBOR ISLAND DR,224 GLIDER CIR,CORONA,988-009-52,,,"PACIFIC METALS GROUP, LLC",Ontario,CA,381536.7,385634.3,Paid in Full,01/30/2021,American Business Bank,CA,336413,Limited  Liability Company(LLC)
PACIFIC METALS GROUP LLC,829 HARBOR ISLAND DR,224 GLIDER CIR,CORONA,988-009-52,,,"PACIFIC METALS GROUP, LLC",ONTARIO,CA,364400.0,368313.56,Paid in Full,04/14/2020,American Business Bank,CA,332322,Limited  Liability Company(LLC)
NEWPORT LLC,4340 VON KARMAN AVE STE 205,640 N DIAMOND BAR BLVD,DIAMOND BAR,934-057-17,,,NEWPORT LLC,SAN FRANCISCO,CA,536590.0,540721.01,Paid in Full,04/13/2020,Synovus Bank,GA,611710,Limited  Liability Company(LLC)
MNM GROUP LLC,18319 EUCLID ST,3251 E SLAUSON AVE,VERNON,932-882-04,12/30/2022,4700000.0,"MNM GROUP, LLC",LOS ANGELES,CA,647186.0,,Paid in Full,04/30/2020,"JPMorgan Chase Bank, National Association",IL,423210,Limited  Liability Company(LLC)
"LIDO HOUSE, LLC",3300 NEWPORT BLVD,RD OLSON DEVELOPMENT 520 NEWPORT CENTER DR STE 600,NEWPORT BEACH,988-069-68,,,LIDO HOUSE LLC,Newport Beach,CA,2000000.0,2017444.44,Paid in Full,02/22/2021,CommerceWest Bank,CA,721110,Limited  Liability Company(LLC)
"LIDO HOUSE, LLC",3300 NEWPORT BLVD,RD OLSON DEVELOPMENT 520 NEWPORT CENTER DR STE 600,NEWPORT BEACH,988-069-68,,,LIDO HOUSE LLC,NEWPORT BEACH,CA,1898800.0,1917524.28,Paid in Full,04/14/2020,CommerceWest Bank,CA,721110,Limited  Liability Company(LLC)
INCUPLACE LLC,88 FAIR DR,PO BOX 3772,ALHAMBRA,988-007-23,,,INCUPLACE LLC,Marina del Rey,CA,301444.0,304062.02,Paid in Full,02/20/2021,"Harvest Small Business Finance, LLC",CA,722310,Limited  Liability Company(LLC)
SWUN MATH LLC,19585 ELMRIDGE LN,10073 VALLEY VIEW ST # 116,CYPRESS,023-491-55,09/02/2022,1412500.0,"SWUN MATH, LLC",CYPRESS,CA,294773.0,296339.74,Paid in Full,04/30/2020,Farmers & Merchants Bank of Long Beach,CA,611710,Limited  Liability Company(LLC)
2450 COLORADO BLVD LLC,16255 PACIFIC CIR APT 306,9025 S 1300 E,SANDY,936-770-15,02/21/2012,385000.0,2450 COLORADO BLVD LLC,Chatsworth,CA,188000.0,,Exemption 4,03/12/2021,"Zions Bank, A Division of",UT,531110,Limited  Liability Company(LLC)
COMPASSIONATE CARE HOSPICE LLC,17220 NEWHOPE ST STE 124,17220 NEWHOPE ST,FOUNTAIN VALLEY,938-780-18,09/04/2018,419000.0,COMPASSIONATE CARE HOSPICE LLC,FOUNTAIN VALLEY,CA,279820.0,281636.91,Paid in Full,05/01/2020,"Bank of America, National Association",NC,623110,Corporation
COMPASSIONATE CARE HOSPICE LLC,17220 NEWHOPE ST STE 123,17220 NEWHOPE ST,FOUNTAIN VALLEY,938-780-19,09/04/2018,419000.0,COMPASSIONATE CARE HOSPICE LLC,FOUNTAIN VALLEY,CA,279820.0,281636.91,Paid in Full,05/01/2020,"Bank of America, National Association",NC,623110,Corporation
MY VILLAGE LLC,12555 EUCLID ST APT 53,PO BOX 2247,ANAHEIM,930-536-39,11/26/2002,0.0,MYVILLAGE LLC,Nederland,CO,370030.0,374357.3,Paid in Full,04/27/2020,Silicon Valley Bridge Bank NA,CA,533110,Limited  Liability Company(LLC)
FIRST HIGHLAND LLC,8171 COBBLESTONE LN # 4,9631 BOLSA AVE,WESTMINSTER,938-270-26,10/17/2012,0.0,FIRST HIGHLAND LLC,Windermere,FL,205800.0,207040.44,Paid in Full,01/30/2021,United Community Bank,SC,812199,Limited  Liability Company(LLC)
AIMS LLC,16091 BEACH BLVD,15142 SOBEY RD,SARATOGA,142-082-35,01/18/2017,4600000.0,"AIMS, LLC",MISHAWAKA,IN,585527.0,593416.98,Paid in Full,05/01/2020,"JPMorgan Chase Bank, National Association",IL,621399,Limited  Liability Company(LLC)
STEWART INDUSTRIES LLC,3311 BOUNTY CIR,1077 PACIFIC COAST HWY # 247,SEAL BEACH,178-431-14,05/04/2021,0.0,STEWART INDUSTRIES LLC,Battle Creek,MI,564165.0,568245.54,Paid in Full,03/31/2021,"Bank of America, National Association",NC,336211,Limited  Liability Company(LLC)
STEWART INDUSTRIES LLC,3311 BOUNTY CIR,1077 PACIFIC COAST HWY # 247,SEAL BEACH,178-431-14,05/04/2021,0.0,STEWART INDUSTRIES LLC,BATTLE CREEK,MI,564162.5,569665.02,Paid in Full,04/15/2020,"Bank of America, National Association",NC,336211,Limited  Liability Company(LLC)
RAV LLC,1 MAIN ST,175 CHESTNUT ST,SAN FRANCISCO,988-150-06,,,RAV LLC,MYRTLE BEACH,SC,163700.0,165932.69,Paid in Full,04/08/2020,South Atlantic Bank,SC,722511,Limited Liability Partnership
THE LE FAMILY LLC,16752 JEFFREY CIR,2279 EAGLE GLEN PKWY # 112-461,CORONA,107-662-06,06/28/2019,0.0,THE LE FAMILY LLC,KILLEEN,TX,152800.0,154395.91,Paid in Full,04/15/2020,Herring Bank,TX,721110,Limited  Liability Company(LLC)
