ein,name,city,state,ntee_cd,subsection,filing_req_cd,asset_amt,income_amt,revenue_amt
923800781,GLOBAL 1 MANAGEMENT MEDICAL SERVICES,ALISO VIEJO,CA,E01,3,2,,,
901970935,WE GOT YOU FOUNDATION,ALISO VIEJO,CA,E60,3,2,0,0,0
352362998,INTERNATIONAL ASSOCIATION OF EATING DISORDERS PROFESSIONALS FOUNDATION,ALISO VIEJO,CA,E03,3,2,0,0,0
863794220,DEHESTANI FOUNDATION,ALISO VIEJO,CA,H99,3,2,0,0,0
993181469,NURTURE AID VISION,ALISO VIEJO,CA,E60,3,2,0,0,0
464225471,UNITED SPECIALIST HEALTH CARE FOUNDATION INC,ALISO VIEJO,CA,E80,3,2,0,0,0
921867808,CENTER FOR MUSIC AND WELLNESS INC,ALISO VIEJO,CA,E60,3,2,0,0,0
813921646,MCGANN RATNER FOUNDATION,ALISO VIEJO,CA,E60,3,2,0,0,0
393782898,HOPE- FOR CURABLE CANCER,ALISO VIEJO,CA,G30,3,2,0,0,0
842784976,KIANA RESEARCH FOUNDATION FOR PYRUVATE CARBOXYLASE DEFICIENCY,ALISO VIEJO,CA,G11,3,2,3978,24247,24247
454970526,RETINA GLOBAL,ALISO VIEJO,CA,G41,3,1,405151,108155,108155
330954457,SOCCER FOR HOPE,ALISO VIEJO,CA,G12,3,1,59504,276538,144519
852522421,CHARITY OF THE EYE CARE NETWORK,ALISO VIEJO,CA,G41,3,1,2747305,457688,389130
952706905,AMERICAN ASSOCIATION OF CRITICAL CARE NURSES,ALISO VIEJO,CA,E030,3,1,117028322,67586519,37374234
421966178,ORANGEVIEW HEALTH ADVOCACY,ANAHEIM,CA,E70,3,2,,,
412711865,ADVANCE KCS,ANAHEIM,CA,E11,3,1,,,
412406069,SOCAL COMMUNITY CARE,ANAHEIM,CA,E60,3,2,,,
412763800,KCS FOUNDATION,ANAHEIM,CA,E11,3,1,,,
413646426,KOREAN COMMUNITY SERVICES OF ORANGE COUNTY,ANAHEIM,CA,E11,3,1,,,
415155301,SMILES FOR ALL FOUNDATION,ANAHEIM,CA,E70,3,2,,,
954755467,COMMUNITY PERINATAL INC,ANAHEIM,CA,E40,3,2,0,0,0
823164455,TIMMAREE ROCKS FOUNDATION,ANAHEIM,CA,G30,3,2,0,0,0
821757824,MEN OF FIRE MC SOCAL,ANAHEIM,CA,E12,3,2,0,0,0
471848972,HELP FOR MIGRAINE,ANAHEIM,CA,E80,3,2,0,0,0
852323665,CROWN ORAL HEALTH FOUNDATION,ANAHEIM,CA,E12,3,2,0,0,0
822231394,STANTON MIGRAINE PROTOCOL INC,ANAHEIM,CA,E70,3,2,0,0,0
263043697,DISNEYLAND ALUMNI CLUB INC,ANAHEIM,CA,E12,3,2,0,0,0
760776665,ADS CHARITABLE FOUNDATION,ANAHEIM,CA,E12,3,2,0,0,0
854097175,NEVER FIGHTING ALONE FOUNDATION INC,ANAHEIM,CA,E12,3,2,0,0,0
992765017,YOUTH ACTION 4 DIABETES INC,ANAHEIM,CA,G99,3,2,0,0,0
200372431,HUGS FROM SHAUN INC,ANAHEIM,CA,H123,3,2,6191,4247,4247
393874006,LIFE AND NATURE WELLNESS INC,ANAHEIM,CA,E99,3,1,104830,121100,121100
461057568,CANCER RESEARCH COLLABORATION INC,ANAHEIM,CA,H30,3,1,1195471,218041,183281
208801557,AHMC ARMC MEDICAL STAFF,ANAHEIM,CA,E02,6,1,295780,332190,332190
863487520,CHOICE HEALTH NETWORK,ANAHEIM,CA,E32,3,1,2263546,1425475,1425475
330483197,INSTITUTE FOR HEALTHCARE ADVANCEMENT,ANAHEIM,CA,E32,3,1,22224914,6609283,2339562
330970731,NORTH ORANGE COUNTY REGIONAL HEALTH FOUNDATION,ANAHEIM,CA,E30,3,1,8940326,8056725,8056725
953245254,KCS INC,ANAHEIM,CA,E32,3,1,35155788,27738580,27738580
956152773,PLANNED PARENTHOOD-ORANGE AND SAN BERNARDINO COUNTIES INC,ANAHEIM,CA,E420,3,1,135667608,112184988,111975031
330185031,PROVIDENCE MEDICAL FOUNDATION,ANAHEIM,CA,E32,3,1,406223302,1521618686,1521578669
330474446,NATIONAL ASSOCIATION OF HISPANIC NURSES,BREA,CA,E70,3,2,0,0,0
272247065,ERIC DE LA CRUZ HOPE FOR HEARTS FOUNDATION,BREA,CA,G12,3,2,0,0,0
881783819,AUSOME SAUCE,BREA,CA,E86,3,2,0,0,0
454683855,NATIONAL RONGXIANG XU FOUNDATION INC,BREA,CA,H99,3,2,213168,33970,33970
833175563,4YOU HEALTH CENTER,BREA,CA,E21,3,1,46871,195153,195153
900777716,NORTHERN CALIFORNIA SOCIETY FOR CLINICAL GASTROENTEROLOGY,BREA,CA,G03,3,1,508021,280149,280149
862822496,ENVISTA SMILE PROJECT FOUNDATION,BREA,CA,E30,3,1,1198505,417734,417734
954443269,SWEET RELIEF MUSICIANS FUND,BREA,CA,G11,3,1,878330,2553825,2553825
271682111,SUNRISE COMMUNITY CLINIC,BUENA PARK,CA,E32,3,2,0,0,0
872281079,LOVE & SHARING FOUNDATION,BUENA PARK,CA,E60,3,2,0,0,0
870827897,DAVID J LIM FOUNDATION,BUENA PARK,CA,H42,3,2,0,0,0
870801660,WESTERN STATES COUNCIL LEUKEMIA FUND,BUENA PARK,CA,G123,3,1,49759,82535,82535
331460649,KCY OPERATION,BUENA PARK,CA,E60,3,1,140885,142000,142000
952162129,LINDEN OAKS,BUENA PARK,CA,E56Z,3,1,19701239,13281787,13137184
992342340,VIVID KIDS FOUNDATION,COSTA MESA,CA,G99,3,2,,,
992441976,MEDICAL STAFF OF COLLEGE HOSPITAL COSTA MESA,COSTA MESA,CA,E99,3,2,,,
993866569,BEYOND PARKINSON S FOUNDATION INC,COSTA MESA,CA,G50,3,2,,,
412719177,ANGELS IN ACTION,COSTA MESA,CA,E60,3,2,,,
330283529,ORANGE COUNTY COCAINE ANONYMOUS,COSTA MESA,CA,E50,3,2,,,
813863340,TOTUS TUUS PERMANENT SUPPORTIVE HOUSING FOR THE TERMINALLY ILL,COSTA MESA,CA,E24,3,2,0,0,0
331777535,STUTTERING TREATMENT AND RESEARCH SOCIETY,COSTA MESA,CA,H96,3,2,0,0,0
334535171,ZENITH WELLNESS WARRIORS,COSTA MESA,CA,E70,3,2,0,0,0
991386461,LIZ RUSNAK ARIZMENDI FOUNDATION INC,COSTA MESA,CA,G30,3,2,0,0,0
821537381,SANO COMMUNITY HEALTH CENTER INC,COSTA MESA,CA,E32,3,2,0,0,0
330970942,POLIO SURVIVORS PLUS,COSTA MESA,CA,G80,3,2,0,0,0
334576410,LOVE GIORGIA CORPORATION,COSTA MESA,CA,G30,3,2,0,0,0
871354210,BRAIN HEALTH AND RESEARCH FOUNDATION,COSTA MESA,CA,H48,3,2,287,0,0
990394430,ORANGE COUNTY SPINE RESEARCH FOUNDATION INC,COSTA MESA,CA,H9B,3,2,0,0,0
330201228,ORANGE COUNTY-LONG BEACH CONSORTIUM FOR NURSING,COSTA MESA,CA,E01,3,2,0,0,0
455453423,AMERICAN ACADEMY OF NATURAL MEDICINE INC,COSTA MESA,CA,E99,3,2,0,0,0
832462338,STRENGTH IN PAIN FOUNDATION INC,COSTA MESA,CA,G99,3,2,0,0,0
264667163,K & D CHARITABLE FOUNDATION,COSTA MESA,CA,G50,3,2,0,0,0
472291147,MAKENAS RAY OF HOPE INC,COSTA MESA,CA,E80,3,2,29540,12148,12148
334519759,PATRICK WOEPSE FOUNDATION,COSTA MESA,CA,H12,3,1,86183,109006,109006
260541556,RHEUMATOLOGIC DERMATOLOGY SOCIETY,COSTA MESA,CA,G90,3,1,180828,171816,171816
330819192,BEACON OF LIGHT,COSTA MESA,CA,E42,3,1,142575,234646,234646
270681680,EPILEPSY SUPPORT NETWORK OF ORANGE COUNTY,COSTA MESA,CA,G54,3,1,386803,382925,342367
262359885,F C CANCER FOUNDATION,COSTA MESA,CA,E86,3,1,884951,940174,940174
462250073,JOHN WAYNE CANCER FOUNDATION,COSTA MESA,CA,G12,3,1,20085583,10972931,3928184
422214273,YOUTH MEDPRINT INITIATIVE,CYPRESS,CA,E99,3,2,,,
330362299,TOPS CLUB INC,CYPRESS,CA,E70,3,2,0,0,0
990817162,SLICE OF HOPE,CYPRESS,CA,E70,3,2,0,0,0
201724899,PILONIDAL SUPPORT ALLIANCE,CYPRESS,CA,G80,3,2,0,0,0
871777239,DAVA CANA INC,CYPRESS,CA,E32,3,1,124000,227238,227238
384166876,GINA HOME CARE,CYPRESS,CA,E92,3,1,99048,880006,880006
993613924,LIFESAVING HEART NETWORK,DANA POINT,CA,H43,3,1,,,
394809850,FOUNDATION FOR INFLAMMATION AND OLF ACTORY STUDIES INC,DANA POINT,CA,H83,3,1,,,
475159692,BIRTH WITHOUT BORDERS,DANA POINT,CA,E60,3,2,0,0,0
471651905,AMERICAN SAFE SIGHT FOUNDATION,DANA POINT,CA,G30,3,2,0,0,0
853758133,AUTISM SAFE HAVEN,DANA POINT,CA,E90,3,2,0,0,0
273877518,FRIENDS FOR FRAGILE X,DANA POINT,CA,G12,3,2,0,0,0
861390848,OCEAN ENABLED,DANA POINT,CA,E86,3,2,0,0,0
821761450,CENTER FOR ADVANCED PHARMACIST CARE,DANA POINT,CA,E60,3,2,0,0,0
871408850,PARKINSON S EXERCISE PROGRAM FOR YOU,DANA POINT,CA,E70,3,1,127270,114199,114199
821985575,ALZHEIMERS CARE ARMENIA,DANA POINT,CA,H94,3,1,209596,145587,145587
263438815,GAMECHANGER CHARITY,DANA POINT,CA,G12,3,1,1015224,1987671,1987671
993137788,HEALTHY IS GOLD,FOUNTAIN VALLEY,CA,E60,3,2,0,0,0
853636984,A WALK IN THE PARK INC,FULLERTON,CA,E01,3,2,,,
413091940,BETHEL INTEGRATED MEDICAL SUPPORT,FULLERTON,CA,E11,3,2,,,
331359138,DYNAMIC RECUPERATIVE HEALTHCARE SERVICES,FULLERTON,CA,E60,3,2,0,0,0
852255335,HENGAMEH SAFARCHERATI DENTAL CORPORATION,FULLERTON,CA,E30,3,2,0,0,0
884104799,EBLUXE CARES,FULLERTON,CA,E86,3,2,0,0,0
300023138,C O O P FOUNDATION INC,FULLERTON,CA,G90,3,2,0,0,0
474691139,TOPS CLUB INC,FULLERTON,CA,E70,3,2,0,0,0
010916798,PROSTATE FORUM OF ORANGE COUNTY,FULLERTON,CA,G40,3,2,0,0,0
472331258,ASIAN & PACIFIC ISLANDER CAUCUS FOR PUBLIC HEALTH,FULLERTON,CA,E01,3,2,0,0,0
991382503,PYO ALLIANCE FOR COMMUNITY HEALTH AND EDUCATION INC,FULLERTON,CA,E32,3,2,0,0,0
853537418,WOMEN DOCTORS,FULLERTON,CA,E03,3,2,0,0,0
810768856,PRESSING SPIRIT,FULLERTON,CA,E86,3,2,0,0,0
384234923,BRIDGE INTERNATIONAL INC,FULLERTON,CA,G84,3,2,4492,0,0
834658651,CHRISTENSEN FOUNDATION INC,FULLERTON,CA,E70,3,2,100,100,100
880737801,DOC1 FOUNDATION,FULLERTON,CA,H96,3,2,302,7555,7555
330750192,NAMBUDRIPAD ALLERGY RESERACH FOUNDATION,FULLERTON,CA,G60,3,1,18861,72620,72620
811873988,ADVANCED HEALTHCARE ADMINISTRATORS,FULLERTON,CA,E02,3,1,38435,400753,400753
460941505,TARAS CHANCE,FULLERTON,CA,E50,3,1,860280,1246506,1156067
953447973,REPRODUCTIVE HEALTH CARE CENTER,FULLERTON,CA,E420,3,1,7743742,3795716,3728179
453977605,ST JUDE NEIGHBORHOOD HEALTH CENTERS,FULLERTON,CA,E32,3,1,29984215,26212318,26212318
951643325,ST JUDE HOSPITAL,FULLERTON,CA,E220,3,1,1196320884,952107286,950531640
333074986,NEON NEURODIVERGENT EXPERIENCES AND OPPORTUNITIES NETWORK,GARDEN GROVE,CA,G84,3,2,,,
452155114,CENTRAL COUNTY FOUNDATION INC,GARDEN GROVE,CA,E70,3,2,0,0,0
992480446,STARBEAM PROJECTS,GARDEN GROVE,CA,H05,3,2,0,0,0
920879819,BEACTIVE INC,GARDEN GROVE,CA,E60,3,2,0,0,0
412678051,KOREAN WOMENS OVARIAN CANCER NETWOR K,GARDEN GROVE,CA,H30,3,2,0,0,0
813658207,MIDWAY VENTURE FOUNDATION,GARDEN GROVE,CA,G12,3,1,2028,74811,74811
462251384,GROVE HEALTH MANAGEMENT CENTER,GARDEN GROVE,CA,E99,7,1,39830,111886,111886
951970950,ASSISTANCE LEAGUE OF GARDEN GROVE,GARDEN GROVE,CA,E34Z,3,1,385450,160101,95944
951916028,CRIPPLED CHILDRENS RELIEF ASSOCIATION OF ORANGE COUNTY INC,GARDEN GROVE,CA,E33Z,3,1,829544,345414,157651
900742457,OC AUTISM FOUNDATION,GARDEN GROVE,CA,G84,3,1,84168,554157,554157
912047245,ORANGE COUNTY ASIAN AND PACIFIC ISLANDER COMMUNITY ALLIANCE INC,GARDEN GROVE,CA,E70,3,1,15325906,21081517,21059167
330477323,NHAN HOA COMPRENESIVE HEALTH CARE CLINIC INC,GARDEN GROVE,CA,E32,3,1,69224111,22031350,22031350
853229699,MIAS MIRACLES,HUNTINGTON BEACH,CA,G54,3,2,0,0,0
473577981,AORTIC WARRIORS INC,HUNTINGTON BEACH,CA,E01,3,2,0,0,0
844857910,NOSALTBP,HUNTINGTON BEACH,CA,E70,3,2,0,0,0
921453669,STILL WE RISE AGAINST BREAST CANCER,HUNTINGTON BEACH,CA,H30,3,1,125748,80858,74118
334151911,CALIFORNIA CENTER FOR NEWBIOTECHNOLOGY IN LIFE SCIENCES,IRVINE,CA,H99,3,2,,,
392716621,T-HEALTH INC,IRVINE,CA,E70,3,2,,,
393787182,CARING FOR CAREGIVERS INC,IRVINE,CA,E99,3,2,,,
932008066,GENIE FOUNDATION,IRVINE,CA,E86,3,2,,,
412894002,HEALTH HERITAGE GLOBAL MEDICAL ASSO CIATION,IRVINE,CA,G03,3,2,,,
995093398,ACADEMY OF EXERCISE MEDICINE,IRVINE,CA,G90,3,2,,,
334139680,VANGUARD CLINICAL RARE DISEASE FOUNDATION,IRVINE,CA,G80,3,1,,,
331729192,FULLER SMILES CHARITABLE ORGANIZATION INC,IRVINE,CA,E60,3,2,,,
335061290,HEARTBRIDGEFOUNDATION MEDICAL AID FUND CORPORATION,IRVINE,CA,E70,3,2,,,
333252902,FLEXION FOUNDATION,IRVINE,CA,E50,3,2,,,
393130284,CALIFORNIALIFE ENERGY SCIENCE CENTER FOR BIOTECHNOLOGY RESEARCH,IRVINE,CA,H99,3,2,,,
393621300,HAVEN - HUMANITARIAN ACCESS TO VITAL EQUIPMENT NETWORK,IRVINE,CA,E20,3,1,,,
331894149,MEDICAL DOCTORS ONE WORLD,IRVINE,CA,G43,3,2,,,
413208141,CANVAS FOR CARE,IRVINE,CA,E70,3,2,,,
333266217,FOUNDATION FOR CHINESE AMERICAN CULTURAL EXCHANGE INC,IRVINE,CA,E60,3,2,,,
394290413,RARE DISEASE CONNECT FOUNDATION,IRVINE,CA,G81,3,2,,,
413084758,THE RARE PROJECTS,IRVINE,CA,H98,3,2,,,
393928224,AKSONOW FOUNDATION,IRVINE,CA,E70,3,2,,,
874270389,SAINT JOSEPH MONASTERY TOMB OF SAINT RAFQA,IRVINE,CA,E11,3,2,,,
394243246,CELESTRIA HEALTH,IRVINE,CA,E70,3,2,,,
415286154,LM HEALTH AND WELLNESS FOUNDATION,IRVINE,CA,E12,3,2,,,
845110140,EHPN ERITREAN HEALTH PROFESSIONALS NETWORK,IRVINE,CA,E60,3,2,,,
413836209,CHILDRENS SKIN HEALTH EDUCATION FOUNDATION,IRVINE,CA,E70,3,2,,,
953278331,LOS ANGELES HEALTH CARE ASSOCIATION,IRVINE,CA,E03,6,2,0,0,0
921553166,COMPREHENSIVE BEHAVIOR SOLUTIONS FOUNDATION,IRVINE,CA,E50,3,2,0,0,0
394165881,THE MARVASTI FOUNDATION,IRVINE,CA,E60,3,2,1,0,0
461531988,GUARDAHEART,IRVINE,CA,G43,3,2,0,0,0
394512856,HSIAO HEALTH INSTITUTE,IRVINE,CA,E60,3,2,0,0,0
932888342,THALASSEMIA HOPE SOCIETY CORPORATION,IRVINE,CA,E12,3,2,0,0,0
393656784,OUR EPILOGUE,IRVINE,CA,G30,3,2,0,0,0
815133019,MELODY HEALTH INC,IRVINE,CA,E40,3,2,0,0,0
272155759,PLEASURE OF GIVING INC,IRVINE,CA,E80,3,2,0,0,0
330773925,INTERNATIONAL ORIENTAL MEDICAL RESEARCH INSTITUTE,IRVINE,CA,H99,3,2,0,0,0
393143586,SPARKING SMILES,IRVINE,CA,E01,3,2,0,0,0
923750686,SOCIAL SERVICES SQUAD INC,IRVINE,CA,E60,3,2,0,0,0
990497076,THRILL OF PAINTING,IRVINE,CA,E86,3,2,0,0,0
813613483,FRIENDS FOR SPECIAL NEEDS,IRVINE,CA,G84,3,2,0,0,0
883404769,WORK STRONG STAY STRONG,IRVINE,CA,E12,3,2,0,0,0
872149452,HINOKO INC,IRVINE,CA,E60,3,2,0,0,0
473688721,DONOVANS SMILE INC,IRVINE,CA,G30,3,2,0,0,0
461442694,WORLD LEADER FEDERATION,IRVINE,CA,G03,3,2,5010,0,0
884148917,CALERIE INSTITUTE OF LIFE SCIENCES,IRVINE,CA,H99,3,2,0,0,0
333281524,EMPOWERING HEARTS GLOBALLY,IRVINE,CA,G43,3,2,0,0,0
922574641,LETS LEARN ABOUT PUBLIC HEALTH,IRVINE,CA,E70,3,2,0,0,0
882367558,ORANGE COUNTY TREMBLE CLEFS,IRVINE,CA,E12,3,2,0,0,0
330421478,ORANGE COUNTY SOCIETY OF HEALTH SYSTEMS PHARMACISTS,IRVINE,CA,E03,6,2,0,0,0
821310793,WORLD NATURAL MEDICINE AND HEALTH FOUNDATION,IRVINE,CA,H99,3,2,0,0,0
830896503,PRIME HEALTHCARE MINISTRIES,IRVINE,CA,E02,3,2,0,0,0
364942964,CORNERSTONE GROUP FOUNDATION,IRVINE,CA,E32,3,2,0,0,0
456118344,JIM QUAY MEMORIAL FUND,IRVINE,CA,H12,3,2,0,0,0
832361451,BLUENET FOUNDATION,IRVINE,CA,E70,3,2,0,0,0
451146959,MRSA FOUNDATION,IRVINE,CA,G80,3,2,0,0,0
933469166,IRVINE POLICE ATHLETICS AND WELLNESS ASSOCIATION,IRVINE,CA,E60,3,2,0,0,0
830977720,PROJECT FAVA,IRVINE,CA,G80,3,2,0,0,0
833844744,MOVEMENT 313,IRVINE,CA,E01,3,2,0,0,0
330923180,SILVERADO FOUNDATION INC,IRVINE,CA,G83,3,2,0,0,0
384317952,GROUP 1981 INC,IRVINE,CA,H96,3,2,0,0,0
843623993,SRS MEMORIAL FOUNDATION,IRVINE,CA,G30,3,2,0,0,0
333024415,T1D ORAL HEALTH FOUNDATION,IRVINE,CA,E60,3,2,0,0,0
993537612,SAMIR MEDICAL FOUNDATION,IRVINE,CA,E80,3,2,0,0,0
921564984,UNION OF HOPE FOUNDATION,IRVINE,CA,G19,3,2,0,0,0
921567064,FRIENDS OF MPUH FOUNDATION,IRVINE,CA,E65,3,2,1,0,0
832920680,VIMA ONE STEP AT A TIME,IRVINE,CA,E01,3,2,0,0,0
830351746,BIOTHERAPEUTICS EDUCATION AND RESEARCH FOUNDATION,IRVINE,CA,E60,3,2,0,0,0
991623814,ALL KIDS HEALTH FOUNDATION,IRVINE,CA,E01,3,2,0,0,0
392601300,REAL AUTISM SOLUTIONS,IRVINE,CA,G84,3,2,0,0,0
863450474,SILVER LINING CONSORTIUM INC,IRVINE,CA,G83,3,2,0,0,0
811274597,FUTURE HEALTH EDUCATION SERVICES,IRVINE,CA,E70,3,2,0,0,0
743113175,ASSOCIATION OF CANCER PATIENT EDUCATORS,IRVINE,CA,E60,3,2,0,0,0
262919222,CHARITY FISHING INC,IRVINE,CA,E122,3,2,0,0,0
274442769,INTERNATIONAL ASHERMANS ASSOCIATION,IRVINE,CA,H12,3,2,0,0,0
331284499,FAMILIES INSPIRING NEURODIVERSE DEVELOPMENT,IRVINE,CA,G01,3,2,0,0,0
933984028,IMMUNE BOOST CAPITAL,IRVINE,CA,G51,3,2,0,0,0
923926438,TRAINING THROUGH TREATMENT,IRVINE,CA,G32,3,2,0,0,0
330896707,DR WHITAKERS FREEDOM OF HEALTH FOUNDATION,IRVINE,CA,E05,3,2,1666,4000,4000
461895187,SIGHT LEARNING,IRVINE,CA,G41,3,2,6274,4500,4500
412268700,ARPAN GLOBAL CHARITIES,IRVINE,CA,E60,3,2,194880,5616,5616
510172793,ORIENTAL HEALING ARTS INSTITUTE,IRVINE,CA,G00Z,3,2,457139,11484,11484
814705926,KHAN HABIB FOUNDATION,IRVINE,CA,E80,3,2,0,20000,20000
994820337,HOPERXX FOUNDATION,IRVINE,CA,E99,3,1,32528,54500,54500
263602167,AUTISM SOCIETY ORANGE COUNTY,IRVINE,CA,G018,3,1,55817,55972,54944
453844398,VIETNAMESE PHYSICIAN ASSOCIATION OF SOUTHERN CALIFORNIA FOUNDATION,IRVINE,CA,E03,3,1,246298,67004,67004
844793267,INDIAN AMERICAN SHOULDER & ELBOW SURGEONS INC,IRVINE,CA,H9B,3,1,137254,87171,87171
823787129,WORLD HEALTH EDUCATION FOUNDATION INC,IRVINE,CA,E60,3,1,65285,88000,88000
833364617,MANU FOUNDATION INC,IRVINE,CA,E70,3,1,66794,124880,124880
993174261,FOUNDATION OF MEMORY INC,IRVINE,CA,G83,3,1,159970,173526,173526
473579570,CANCER RESEARCH AND LIFE FOUNDATION,IRVINE,CA,H30,3,1,1003135,290908,290908
272200698,BREAST CANCER FUNDRAISER,IRVINE,CA,G30,3,1,173281,305803,285349
823354069,IN STEPPS ACADEMY,IRVINE,CA,G84,3,1,47496,327717,327717
834604923,BREAST CENTER OF IRVINE INC,IRVINE,CA,E24,3,1,402641,377992,377992
923543460,ANAND PEDIATRIC ASSOCIATES INC,IRVINE,CA,E20,3,1,76204,400000,400000
475662411,SOFIES JOURNEY INC,IRVINE,CA,G01,3,1,188099,497363,497363
462252984,THE CENTER FOR MEDICAL PROGRESS,IRVINE,CA,G92,3,1,64989,1610768,1610768
731712284,INTERNATIONAL SOCIETY FOR CHILDREN WITH CANCER,IRVINE,CA,G30,3,1,2295523,2316933,1448161
320067668,CYSTINOSIS RESEARCH FOUNDATION,IRVINE,CA,H80,3,1,10029960,3229152,3177424
270048002,THE AUTISM COMMUNITY IN ACTION,IRVINE,CA,G84,3,1,1750273,3414699,2646151
841790343,UNIVERSITY LAB PARTNERS,IRVINE,CA,E60,3,1,7199813,5499484,5499484
330036556,MAKE-A-WISH FOUNDATION OF ORANGE COUNTY,IRVINE,CA,E86Z,3,1,4187711,5527417,4691984
953702013,ALZHEIMERS ORANGE COUNTY,IRVINE,CA,G83,3,1,5585911,6691156,6468941
956043953,ARTHRITIS NATIONAL RESEARCH FOUNDATION,IRVINE,CA,H41Z,3,1,10194689,7670985,4662015
452982422,HOAG CHARITY SPORTS,IRVINE,CA,E11,3,1,6216676,7962019,4817250
886733960,CHILD CARE PROVIDERS UNITED - CALIFORNIA WORKERS HEALTH CARE FUN,IRVINE,CA,E99,5,1,92899726,18301111,13101111
311781635,FREE WHEELCHAIR MISSION,IRVINE,CA,E50,3,1,4945390,19522060,19147683
330143024,ST JOSEPH HEALTH SYSTEM FOUNDATION,IRVINE,CA,E110,3,1,132341442,22347349,21869539
814791043,ST JOSEPH HEALTH NORTHERN CALIFORNIA LLC,IRVINE,CA,E20,3,1,1201322405,1463256820,1461929147
814922072,CORAL CAYE FOUNDATION,LA HABRA,CA,G05,3,2,0,0,0
472819326,INTERNATIONAL EDUCATION NETWORK,LA HABRA,CA,G01,3,2,0,0,0
993349375,NEXUS OF HOPE,LA HABRA,CA,E12,3,2,0,0,0
822280322,AGAPE BELIZE CURE,LA HABRA,CA,E70,3,2,0,0,0
952758212,HELP FOR BRAIN INJURED CHILDREN INC,LA HABRA,CA,G48Z,3,1,2398153,2518870,2470630
320850393,COMMUNITY BRIDGE FOUNDATION,LA PALMA,CA,E70,3,2,,,
414662232,ACE FREE CLINIC,LA PALMA,CA,E32,3,2,,,
330650870,SARCOIDOSIS NETWORK FOUNDATION INC,LA PALMA,CA,E99,3,2,0,0,0
993844575,LONG BEACH NEIGHBORHOOD COMMUNITY HEALTH CENTER,LA PALMA,CA,E32,3,2,0,0,0
331689145,HANKOOK PHARMACY ASSOCIATION,LA PALMA,CA,E6A,3,2,4449,5999,5999
414450752,SMILE AGAIN NETWORK,LAGUNA BEACH,CA,E32,3,2,,,
991258871,BALANCED FRAMEWORX,LAGUNA BEACH,CA,E60,3,2,0,0,0
262141264,MAULI OLA FOUNDATION BREATH OF LIFE,LAGUNA BEACH,CA,H12,3,2,0,0,0
933312407,XYZ ACADEMY,LAGUNA BEACH,CA,E70,3,2,0,0,0
852290342,MEDICAL INTELLIGENCE SOCIETY,LAGUNA BEACH,CA,E03,3,2,0,0,0
956058025,LOS ANGELES NEUROLOGICAL SOCIETY,LAGUNA BEACH,CA,G03,3,2,0,0,0
264598076,KELLY PERKINS MOVING HEARTS FOUNDATION,LAGUNA BEACH,CA,E50,3,2,0,0,0
371778998,PATTYS HOUSE,LAGUNA BEACH,CA,E01,3,2,0,0,0
463130415,SCHMIDT LEGACY FOUNDATION,LAGUNA BEACH,CA,H12,3,2,0,0,0
845059306,AWESOME4AUTISM INC,LAGUNA BEACH,CA,G84,3,2,0,0,0
853601608,MANTEQA GLOBAL HEALTH,LAGUNA BEACH,CA,E80,3,2,0,0,0
474119099,LAURUS ALLIANCE PROJECT CORPORATION,LAGUNA BEACH,CA,H30,3,2,0,0,0
454128554,DOMINGUEZ-ROTH INTEGRATIVE MEDICINE INC,LAGUNA BEACH,CA,G30,3,2,72859,17098,17098
470898802,LAGUNA BEACH ROTARY CLUB FOUNDATION,LAGUNA BEACH,CA,G50,3,1,158840,72788,72788
611888947,VMR RESEARCH FOUNDATION,LAGUNA BEACH,CA,H41,3,1,367274,191691,191691
330865870,WOMENS CANCER RESEARCH FOUNDATION,LAGUNA BEACH,CA,E122,3,1,1836900,4467790,431240
952637633,LAGUNA BEACH COMMUNITY CLINIC INC,LAGUNA BEACH,CA,E320,3,1,5663083,5749381,5326859
952585792,MEMORIAL HEALTH SERVICES,LAGUNA HILLS,CA,E122,3,1,,,
261464309,SPORTS CLINIC EDUCATIONAL FOUNDATION,LAGUNA HILLS,CA,G9B,3,2,0,0,0
393312905,BUBBY FOUNDATION,LAGUNA HILLS,CA,E60,3,2,0,0,0
824047109,MEDICAL BRIGADES FOUNDATION,LAGUNA HILLS,CA,E21,3,2,0,0,0
994967067,HELPING HAND CARE MANAGEMENT CORP,LAGUNA HILLS,CA,E99,3,2,0,0,0
933123734,SPINAL HOPE,LAGUNA HILLS,CA,G11,3,2,0,0,0
474635602,FUN 4 GOOD,LAGUNA HILLS,CA,E12,3,2,0,0,0
883531544,LA PAPILLON CADASIL FOUNDATION INC,LAGUNA HILLS,CA,G20,3,2,0,0,0
844216136,ITC CARES,LAGUNA HILLS,CA,E70,3,1,62975,324025,324025
462431517,DIATRIBE FOUNDATION,LAGUNA HILLS,CA,E99,3,1,2416723,3878251,3878251
883155864,GENEROSITY SMILES,LAGUNA NIGUEL,CA,E70,3,2,,,
994425317,HEALTHY LIVING ADVOCATES INC,LAGUNA NIGUEL,CA,E70,3,2,,,
921999845,SESSIONS CARES CORPORATION,LAGUNA NIGUEL,CA,E60,3,1,,,
922603495,VEXAS RESEARCH FOUNDATION,LAGUNA NIGUEL,CA,H99,3,2,0,0,0
994285539,ALS PERFORMANCE RESEARCH FOUNDATION,LAGUNA NIGUEL,CA,H50,3,2,0,0,0
263146779,ZIPPI FOUNDATION,LAGUNA NIGUEL,CA,G123,3,2,0,0,0
862707340,INDOAMERICAN MEDICAL FOUNDATION OF SOUTHERN CALIFORNIA,LAGUNA NIGUEL,CA,E70,3,2,0,0,0
993424252,GLASS WOMB MINISTRY,LAGUNA NIGUEL,CA,E01,3,2,0,0,0
202849388,BICUSPID AORTIC FOUNDATION,LAGUNA NIGUEL,CA,G43,3,2,0,0,0
822908885,TORABINEJAD INSTITUTE OF SURGICAL EDUCATION AND RESEARCH FOUNDATION,LAGUNA NIGUEL,CA,G9B,3,2,9347,3883,3883
462394098,TRISHS ANGELS,LAGUNA NIGUEL,CA,E86,3,2,16623,15073,15073
832309570,UMI COMMUNITY IMAGING CLINIC,LAGUNA NIGUEL,CA,E32,3,1,4749,72919,72919
264297008,GOLD RUSH CURE FOUNDATION INC,LAGUNA NIGUEL,CA,H193,3,1,384426,358249,297385
920739146,WOMENS HEALTH INSTITUTION,LAGUNA NIGUEL,CA,E60,3,1,289870,676911,676911
882140446,YOGIBOOMER CHARITIES,LAGUNA WOODS,CA,H99,3,2,0,0,0
474674234,TOPS CLUB INC,LAGUNA WOODS,CA,E70,3,2,0,0,0
934700241,HEALTHY LIVING 105 INC,LAGUNA WOODS,CA,G83,3,2,0,0,0
871770132,PHAT BAO MEDITATION CENTER,LAKE FOREST,CA,E60,3,2,,,
472108411,SPOONER GIRLS RARE DISEASE RESEARCH FUND,LAKE FOREST,CA,H20,3,2,0,0,0
814859285,ACTING EFFECT,LAKE FOREST,CA,G84,3,2,0,0,0
933185861,NATURALLY FIT MOVEMENT,LAKE FOREST,CA,E86,3,2,0,0,0
472113940,CITIZENS FOR CRIMINAL JUSTICE REFORM - CALIFORNIA,LAKE FOREST,CA,E01,3,2,0,0,0
461802033,CDM RETREAT CENTER INC,LAKE FOREST,CA,E60,3,2,906,1500,1500
821364395,UPINHF INC,LAKE FOREST,CA,E03,3,1,144952,57724,57724
300032112,GIFT OF VISION FOUNDATION,LAKE FOREST,CA,G41,3,1,1216094,212429,212429
330765783,BREAST CANCER SOLUTIONS,LAKE FOREST,CA,G43,3,1,180782,404278,355808
450985708,BCS FOUNDATION,LAKE FOREST,CA,H12,3,1,652153,411988,411988
330931538,SURFERS HEALING FOUNDATION INC,LAKE FOREST,CA,G84,3,1,368939,522625,522625
393269847,ACEHOLES,LONG BEACH,CA,E60,3,2,,,
934470205,FUNDACION CARITATIVA AYUDANDO A LA COMUNIDAD,LONG BEACH,CA,E80,3,2,,,
994173959,WESTER REGION STROKE & BRAIN INJURY FOUNDATION,LONG BEACH,CA,G48,3,2,,,
392125603,HEAL THE WORLD MOVEMENT CORPORATION,LONG BEACH,CA,E70,3,2,,,
393491051,HEARTS ON THE FIELD FOUNDATION,LONG BEACH,CA,G43,3,2,,,
412540614,AID ONE,LONG BEACH,CA,E32,3,1,,,
883863686,CMC MEDICAL STAFF INC,LONG BEACH,CA,E99,3,2,0,0,0
330750946,TOPS CLUB INC,LONG BEACH,CA,E70,3,2,0,0,0
263585391,NATIONAL LAW ENFORCEMENT CANCER SUPPORT FOUNDATION,LONG BEACH,CA,G193,3,2,0,0,0
460798406,PEDIATRIC ARTHRITIS AND LUPUS FOUNDATION,LONG BEACH,CA,E05,3,2,0,0,0
522318886,REACHING OUT FOUNDATION,LONG BEACH,CA,E86,3,2,0,0,0
010607160,LONGEVITY STICK ART INC,LONG BEACH,CA,E70,3,2,0,0,0
453912221,PEDIATRIC EMERGENCY MEDICINE RESEARCH FOUNDATION,LONG BEACH,CA,H98,3,2,0,0,0
320620775,SAFE ACOUSTICS FOR EVERYONE,LONG BEACH,CA,E01,3,2,0,0,0
330889698,MEMBERS HEALTH FAIR INC,LONG BEACH,CA,E99,3,2,1816,0,0
453711078,EEK FOUNDATION FOR ORTHOPEDIC RESEARCH,LONG BEACH,CA,G50,3,2,3734,0,0
880676185,REVITAL-IZE WELLNESS,LONG BEACH,CA,E60,3,2,0,0,0
992881248,LONG BEACH CANCER LEAGUE,LONG BEACH,CA,H30,3,2,0,0,0
922997844,AMERICAN SOCIETY OF HIRUDOTHERAPY,LONG BEACH,CA,G90,3,2,0,0,0
421571530,COUNCIL FOR EDUCATION AND RESEARCH ON TOXICS,LONG BEACH,CA,E80,3,2,0,0,0
203710424,PACIFIC SHORES HEMATOLOGY ONCOLOGY FOUNDATION,LONG BEACH,CA,G30,3,2,0,0,0
721616678,KAMM CARES INC,LONG BEACH,CA,G12,3,2,0,0,0
920848055,APEX VISION,LONG BEACH,CA,E11,3,2,0,0,0
851645751,FIRST RESPONDER HELP FOUNDATION INC,LONG BEACH,CA,E60,3,2,0,0,0
954836638,SOUTHWEST CHILDRENS HEALTH CENTER FOUNDATION,LONG BEACH,CA,E99,3,2,0,0,0
883989910,BOOST FOUNDATION INC,LONG BEACH,CA,G12,3,2,0,0,0
934867732,SENEB NTU RESEARCH INSTITUTE,LONG BEACH,CA,G05,3,2,0,0,0
800395459,SOUTHERN CALIFORNIA PUBLIC HEALTH ASSOCIATION,LONG BEACH,CA,E70,3,2,0,0,0
510572631,PERUVIAN AMERICAN DENTAL ASSOCIATION,LONG BEACH,CA,G03,3,2,0,0,0
261075209,NILES PROJECT MRSA,LONG BEACH,CA,E70,3,2,0,0,0
811663883,LEARN UNIQUELY LIKE ME INC,LONG BEACH,CA,G84,3,2,0,0,0
208827402,CALIFORNIA CHILDRENS REHABILITATION FOUNDATION,LONG BEACH,CA,E60,3,2,55071,690,690
822894075,LUKE TATSU JOHNSON FOUNDATION,LONG BEACH,CA,G12,3,2,41868,27182,27182
813530991,SUSTAINABLE HEALTH EMPOWERMENT,LONG BEACH,CA,E19,3,1,49862,64727,64727
941629086,CATHEDRAL PIONEER CHURCH HOMES-NO TWO,LONG BEACH,CA,E91,3,1,781176,64933,64933
454886827,WORLD EYE CANCER HOPE,LONG BEACH,CA,G41,3,1,36761,64991,64991
611968593,GRASS ROOTS WELLNESS,LONG BEACH,CA,E70,3,1,32903,67783,67783
264041070,DREAM CATCHER OF LA THERAPEUTIC RIDING CENTERS,LONG BEACH,CA,E50,3,1,63283,129134,129134
954524195,VANGUARD CANCER FOUNDATION,LONG BEACH,CA,H30Z,3,1,621092,151718,65770
991557419,URBAN SALT COMMUNITY ACUPUNCTURE CLINIC INC,LONG BEACH,CA,E60,3,1,20076,155514,152303
952785554,COMMUNITY HOSPITAL OF LONG BEACH FOUNDATION,LONG BEACH,CA,E22,3,1,3367008,173937,173937
823131792,MEDICAL STAFF OF ST MARY MEDICAL CENTER,LONG BEACH,CA,E03,6,1,719423,185065,182595
911751136,HERMISTON RHF HOUSING INC,LONG BEACH,CA,E91,3,1,720959,228213,228213
954795663,LIVING HOPE CLINICAL TRIALS INC,LONG BEACH,CA,E32,3,1,73084,245335,245335
813072311,5-ELEVEN HOOPS,LONG BEACH,CA,G84,3,1,142590,260670,260670
263656372,AMERICAN ACADEMY OF PEDIATRIC NEUROPSYCHOLOGY INC,LONG BEACH,CA,E99,6,1,550030,339908,339908
473969303,HEAL TRAFFICKING INC,LONG BEACH,CA,E12,3,1,416389,663752,663752
462203000,ACUPUNCTURE FOR AMERICA AND BEYOND,LONG BEACH,CA,E60,3,1,1488544,760359,760359
454682159,L A NET COMMUNITY HEALTH RESOURC NETWORK,LONG BEACH,CA,E02,3,1,220073,861829,861829
922536887,PARTNERS FOR PEDIATRIC VISION,LONG BEACH,CA,G41,3,1,750544,1145140,1123687
871702559,TCC SUPPORT CORPORATION,LONG BEACH,CA,E11,3,1,20889679,1556000,1556000
263912650,CATALYST FOR PAYMENT REFORM INC,LONG BEACH,CA,E05,3,1,811503,1994825,1994825
953926600,MAYFLOWER GARDENS HEALTH FACILITIES INC,LONG BEACH,CA,E11,3,1,665990,2268027,1588787
920651838,SCAN HEALTH PLAN NEW MEXICO,LONG BEACH,CA,E60,4,1,4818407,2626107,2626107
330331855,SOUTHERN CALIFORNIA INSTITUTE FOR RESEARCH AND EDUCATION,LONG BEACH,CA,H920,3,1,6769819,2941163,2941163
200865241,ANGELS FOR SIGHT,LONG BEACH,CA,E30,3,1,5147372,5295810,5295810
952111124,CHILDRENS DENTAL FOUNDATION,LONG BEACH,CA,E34Z,3,1,7662610,6474131,4054616
872944493,SCAN HEALTH PLAN TEXAS INC,LONG BEACH,CA,E60,4,1,7325534,8040346,8040346
330823599,TICHENOR SUPPORT FOUNDATION,LONG BEACH,CA,E110,3,1,40247595,9359347,2796274
472364652,TRANSLATIONAL PULMONARY AND IMMUNOLOGY RESEARCH CENTER,LONG BEACH,CA,E24,3,1,10808672,11359377,11359377
952413249,INTER COMMUNITY CARE CENTERS INC,LONG BEACH,CA,E91Z,3,1,7364395,12429433,12429433
854288083,SCAN HEALTH PLAN NEVADA,LONG BEACH,CA,E60,4,1,7583620,25129158,25129158
871858798,HEALTHCARE IN ACTION INC,LONG BEACH,CA,E32,3,1,9151446,26392368,26392368
956105984,MEMORIAL MEDICAL CENTER FOUNDATION,LONG BEACH,CA,E99,3,1,305012755,31194505,15237041
854275186,SCAN DESERT HEALTH PLAN,LONG BEACH,CA,E60,4,1,21588775,53654990,53654990
953858259,SCAN HEALTH PLAN,LONG BEACH,CA,E300,3,1,1033244069,5244609303,4954564400
414737131,ASC OUTREACH,LOS ALAMITOS,CA,E19,3,2,,,
880755391,COPA DE ORO COMMUNITY HEALTH CENTER,LOS ALAMITOS,CA,E32,3,1,,,
465483538,SANTA FE COMMUNITY HEALTH CENTER,LOS ALAMITOS,CA,E32,3,2,0,0,0
953692295,PARENTS AGAINST CANCER INC,LOS ALAMITOS,CA,G30Z,3,2,0,0,0
208225585,PROJECT NICARAGUA,LOS ALAMITOS,CA,E60,3,2,0,0,0
393254001,BIG DOG SMILES INC,LOS ALAMITOS,CA,E70,3,2,0,0,0
237421456,QUARTER HORSE BENEVOLMENT CHARITY FOUNDATION,LOS ALAMITOS,CA,E30I,3,1,505116,197770,197770
471558076,DANCERS AGAINST CANCER,LOS ALAMITOS,CA,G30,3,1,532586,1795295,1308917
412841846,INTEGRATIVE NEUROLOGY FOUNDATION,MISSION VIEJO,CA,E12,3,2,,,
330737604,BETTER VISION FOR CHILDREN,MISSION VIEJO,CA,H41,3,2,1193149,0,0
352565817,TOPS CLUB INC,MISSION VIEJO,CA,E70,3,2,0,0,0
815442534,ORCHIDS FOR HOPE CORPORATION,MISSION VIEJO,CA,G30,3,2,0,0,0
813735979,CD ACCESS,MISSION VIEJO,CA,E60,3,2,8,0,0
871262154,FIGHT ON FOREVER,MISSION VIEJO,CA,E12,3,2,9997,0,0
871185796,UNITED TOOTH FAIRIES LIMITED,MISSION VIEJO,CA,E99,3,2,0,0,0
881130196,ALL ACCESS CHIROPRACTIC,MISSION VIEJO,CA,E60,3,2,0,0,0
813583321,FCS FOUNDATION,MISSION VIEJO,CA,G80,3,2,439728,29500,29500
822622082,MURIELS ANGELS,MISSION VIEJO,CA,E60,3,2,16000,36563,36563
043813690,OUTREACH TO THE WORLD INC,MISSION VIEJO,CA,E60,3,1,3752,83334,83334
330927644,CRUISIN FOR A CURE,MISSION VIEJO,CA,H11,3,1,1276117,83673,83673
332092556,BRYNN WHEELER FOUNDATION,MISSION VIEJO,CA,E86,3,1,51823,115651,115651
200299958,CURE DUCHENNE,MISSION VIEJO,CA,H50,3,1,30906923,13991364,3941885
832915874,CELEBRATING LIFE COMMUNITY HEALTH CENTER,MISSION VIEJO,CA,E32,3,1,32923020,36235700,35618357
951643360,MISSION HOSPITAL REGIONAL MEDICAL CENTER,MISSION VIEJO,CA,E210,3,1,697134273,965058955,954165802
392212765,HEALING FLOWS FROM THE HEART,NEWPORT BEACH,CA,E30,3,2,,,
414911489,HEADSTRONG RIDE SMART,NEWPORT BEACH,CA,G42,3,2,,,
331461667,LIFELINE EDUCATION,NEWPORT BEACH,CA,E60,3,2,,,
932716287,SOUL SOUNDS ALCHEMY,NEWPORT BEACH,CA,E60,3,2,,,
834031858,SURVIVOR SQUAD,NEWPORT BEACH,CA,G30,3,2,0,0,0
270152657,GOLDILOCKS ANESTHESIA FOUNDATION,NEWPORT BEACH,CA,H99,3,2,0,0,0
852782466,YOUNGTIMERS INC,NEWPORT BEACH,CA,E60,3,2,0,0,0
844583210,LIVING ORGAN DONOR ASSISTANCE FUND,NEWPORT BEACH,CA,E12,3,2,37960,0,0
473668614,MAS SAJADY INC,NEWPORT BEACH,CA,H20,3,2,221936,0,0
990494058,REVEL WITH A CAUSE,NEWPORT BEACH,CA,E86,3,2,0,0,0
453822537,HALO HEALING AUTISM THROUGH LEARNING AND OPPORTUNITIES,NEWPORT BEACH,CA,G12,3,2,0,0,0
463883406,AYUDA INTERNATIONAL INC,NEWPORT BEACH,CA,E30,3,2,0,0,0
334650071,P I E C E S OF PEYTON INC,NEWPORT BEACH,CA,E86,3,2,0,0,0
352687783,JUST CURE IT,NEWPORT BEACH,CA,G32,3,2,0,0,0
843605416,CENTER FOR RAPID ENLIGHTENMENT INC,NEWPORT BEACH,CA,E60,3,2,0,0,0
272054325,COB COMMUNITY INC,NEWPORT BEACH,CA,G84,3,2,0,0,0
332776920,FAMILIES FIRST CA,NEWPORT BEACH,CA,E40,3,2,0,0,0
412620534,HEARTBEAT FORWARD,NEWPORT BEACH,CA,E86,3,2,0,0,0
453482560,MOMENTUM KIDS FOUNDATION,NEWPORT BEACH,CA,E86,3,2,39679,4,4
461103884,SKIN CANCER AND RECONSTRUCTIVE SURGERY FOUNDATION,NEWPORT BEACH,CA,G30,3,2,2906,40,40
264598590,REENGINEERING HEALTHCARE INC,NEWPORT BEACH,CA,G05,3,2,17,1100,1100
201770654,THE MUSIC-HEALS FOUNDATION,NEWPORT BEACH,CA,H12,3,2,37897,2556,2556
262566125,DOWN SYNDROME EDUCATION USA,NEWPORT BEACH,CA,H84,3,2,7723,3862,1783
462455747,SMILEONU,NEWPORT BEACH,CA,E01,3,2,17044,47598,47598
954538499,CALIFORNIA ACADEMY OF ATTORNEYS FOR HEALTH CARE PROFESSIONALS,NEWPORT BEACH,CA,E03,6,1,211327,51675,51675
330949850,NATIONAL FIBROMYALGIA ASSOCIATION,NEWPORT BEACH,CA,G99,3,1,76791,52422,52422
270220698,HEARAID FOUNDATION INC,NEWPORT BEACH,CA,E50,3,1,237856,54161,37744
814712011,PMG AWARENESS ORGANIZATION INC,NEWPORT BEACH,CA,G20,3,1,48400,56116,52637
202497449,GREET THE DAY,NEWPORT BEACH,CA,G30,3,1,88838,69797,69797
330912223,QUEEN OF HEARTS FOUNDATION,NEWPORT BEACH,CA,H30,3,1,329646,99237,99237
330948722,DOWN SYNDROME FOUNDATION OF ORANGE COUNTY,NEWPORT BEACH,CA,H122,3,1,40046,116272,116272
810941400,PHYSICIANS FOR INFORMED CONSENT,NEWPORT BEACH,CA,E60,3,1,157707,119359,119359
853118651,HOPE IN PAIN INC,NEWPORT BEACH,CA,G01,3,1,100461,134020,134020
871987234,KATHI KOLL INC,NEWPORT BEACH,CA,E92,3,1,232927,135334,135334
874802655,CANCER KINSHIP,NEWPORT BEACH,CA,E60,3,1,24418,148517,148517
384083103,THE FOUNDATION FOR POST-TRAUMATIC HEALING AND COMPLEX TRAUMA RESEARC,NEWPORT BEACH,CA,E70,3,1,15191,172364,172364
956533976,AUXILIARY OF HOAG MEMORIAL HOSPITAL PRESBYTERIAN INC,NEWPORT BEACH,CA,E22,3,1,210860,184162,-20959
330780865,BLINDNESS FOUNDATION,NEWPORT BEACH,CA,G41,3,1,26090,358792,325698
822389441,DOWN FOR DANCE,NEWPORT BEACH,CA,G25,3,1,173286,417811,417811
452154991,LIVING THE DREAM FOUNDATION,NEWPORT BEACH,CA,G12,3,1,564578,749119,749119
264343040,KURE IT INC,NEWPORT BEACH,CA,H123,3,1,973926,1918362,1328154
271702928,FOUNDATION FOR PRIMARY IMMUNODEFICIENCY DISEASES - FPID,NEWPORT BEACH,CA,G60,3,1,2745048,3450418,905216
953222343,HOAG HOSPITAL FOUNDATION,NEWPORT BEACH,CA,E112,3,1,749188183,224151177,157937802
330676831,HOAG CLINIC INC,NEWPORT BEACH,CA,E30,3,1,196724771,355323126,355323126
951643327,HOAG MEMORIAL HOSPITAL PRESBYTERIAN,NEWPORT BEACH,CA,E220,3,1,4868856974,3182213586,2118202627
395025500,ENTERA RECOVERY SERVICES A PUBLIC B ENEFIT CORPORATION,ORANGE,CA,E50,3,1,,,
392169441,INTERNATIONAL SOCIETY FOR MAST CELL ACTIVATION SYNDROMES,ORANGE,CA,H03,3,1,,,
412823914,SMILE A DENTAL FOUNDATION,ORANGE,CA,E80,3,2,,,
415204008,UNITED STATES HEMOPHILIA TREATMENT CENTER NETWORK,ORANGE,CA,G02,3,2,,,
863861052,SOCIETY OF SOUTHERN CALIFORNIA PEDIATRIC ECHOCARDIOGRAPHY SSCAPE,ORANGE,CA,E03,6,2,0,0,0
923650321,CATALYST FOR CARE,ORANGE,CA,E21,3,2,0,0,0
330791720,ORANGE COUNTY DENTAL SOCIETY DENTAL HEALTH FOUNDATION,ORANGE,CA,E99,3,2,0,0,0
834648391,ADVOCATES FOR PHYSICIANS RIGHTS INC,ORANGE,CA,E60,4,2,0,0,0
932389539,ORANGE SMILES ORGANIZATION,ORANGE,CA,E60,3,2,0,0,0
993463065,MAX GLOBAL AID,ORANGE,CA,E02,3,2,0,0,0
994280978,HOPEFUL HEALTH CORP,ORANGE,CA,E12,3,2,0,0,0
923690591,GENUINE CULTURE,ORANGE,CA,E60,3,2,0,0,0
825503255,LYME KIDS INC,ORANGE,CA,G80,3,2,0,0,0
832691624,PHILIPPINE NURSES ASSOCIATION OF CALIFORNIA ORANGE COUNTY,ORANGE,CA,E03,3,2,0,0,0
463740615,HOAN NHIEN INC,ORANGE,CA,E60,3,2,0,0,0
812889343,FOUNDATION FOR REGENERATIVE MEDICINE INC,ORANGE,CA,H19,3,2,0,0,0
141940905,CONSORTIUM OF ORIENTAL MEDICINE RESEARCH AND EDUCATION,ORANGE,CA,H19,3,2,0,0,0
330776897,MEDICAL STAFF OF FOUNTAIN VALLEY REGIONAL HOSPITAL & MEDICAL CENTER,ORANGE,CA,G90,6,2,451202,19010,19010
851019813,SERVING ADVANTAGE INC,ORANGE,CA,G84,3,1,11462,52718,52718
953786863,ORANGE COUNTY FOUNDATION FOR ONCOLOGY CHILDREN & FAMILIES INC,ORANGE,CA,E99Z,3,1,659540,84314,84314
851297012,ARTHUR L GARNES SOCIETY,ORANGE,CA,G9B,3,1,29115,122736,122736
453792057,MAX S LOVE PROJECT INC,ORANGE,CA,E86,3,1,44130,556555,483730
873545792,AB-H FOUNDATION,ORANGE,CA,E32,3,1,539207,558723,558723
830936055,MEDICAL STAFF OF SAINT JOSEPH HOSPITAL OF ORANGE,ORANGE,CA,E03,6,1,2377205,569098,569098
330099451,PEDIATRICS-ADOLESCENT DIABETES RESEARCH AND EDUCATION FOUNDATION,ORANGE,CA,H85I,3,1,612377,605369,401340
330089232,LIVING WELL PREGNANCY CENTERS,ORANGE,CA,E400,3,1,873897,732591,716939
273910204,BIDADA INTERNATIONAL FOUNDATION,ORANGE,CA,E20,3,1,263837,1168435,1168435
330831358,MISSION PLASTICOS,ORANGE,CA,E50,3,1,2277607,1824708,1532008
753078627,ORTHOPAEDIC EDUCATION AND RESEARCH,ORANGE,CA,H50,3,1,962154,2535758,2535758
882250078,GLOBAL GIFTED FOUNDATION,ORANGE,CA,H84,3,1,8858260,4683062,4683062
956154473,PROVIDENCE SPEECH & HEARING CENTER,ORANGE,CA,E56Z,3,1,10267805,7003036,6945439
330532423,SISTERS OF ST JOSEPH HEALTHCARE FOUNDATION,ORANGE,CA,E120,3,1,52240172,7395099,1781599
952900725,COALITION OF ORANGE COUNTY COMMUNITY CLINICS,ORANGE,CA,E030,3,1,38618655,12920128,12771586
330612565,CRC REAL ESTATE CORPORATION,ORANGE,CA,E110,3,1,87831897,13637356,11268904
330265266,CHILDRENS HEALTHCARE OF CALIFORNIA,ORANGE,CA,E120,3,1,0,38995694,30848439
956097416,CHOC FOUNDATION,ORANGE,CA,E24,3,1,55541705,99052447,61610846
330528802,CHILDRENS HOSPITAL AT MISSION,ORANGE,CA,E24Z,3,1,96342042,114969964,114945057
270179192,CENTER FOR COMPREHENSIVE CARE AND DIAGNOSIS OF INHERITED BLOOD,ORANGE,CA,E24,3,1,71349404,133701455,23337253
951643359,ST JOSEPH HOSPITAL OF ORANGE,ORANGE,CA,E210,3,1,939395968,971102510,970104268
952321786,CHILDRENS HOSPITAL OF ORANGE COUNTY,ORANGE,CA,E240,3,1,2432292750,1734106147,1687593095
921938295,TLABRECOVERY INC,PLACENTIA,CA,E70,3,2,,,
332630328,OURIQUE FAMILY FOUNDATION INC,PLACENTIA,CA,E86,3,2,,,
611592952,TEAM CHASE,PLACENTIA,CA,G99,3,2,0,0,0
332683089,INTERNATIONAL HEALTHCARE BRIDGE PROJECT,PLACENTIA,CA,E80,3,2,0,0,0
933636028,UP N OUT SOCIAL CLUB OF AMERICA,PLACENTIA,CA,E92,3,1,9009,85802,85802
825106917,BROTHERS ON A QUEST INC,PLACENTIA,CA,H12,3,1,34534,110878,110878
300154657,FRIENDS OF GRACE,PLACENTIA,CA,E99,3,1,482566,1210432,1210432
843983999,DONNA CLERVI FOUNDATION INC,RANCHO SANTA MARGARITA,CA,G12,3,1,1,179001,172801
851834724,FLORA MAY FOUNDATION,SAN CLEMENTE,CA,E86,3,2,0,0,0
461093476,FOUNDATION TO COMBAT ANTIMICROBIAL RESISTANCE,SAN CLEMENTE,CA,G99,3,2,0,0,0
882230629,VERITAS RESEARCH FOUNDATION,SAN CLEMENTE,CA,H90,3,2,80357,0,0
452238192,PATHWAYS FOR RARE AND ORPHAN STUDIES,SAN CLEMENTE,CA,E70,3,2,448139,0,0
473784310,ASSOCIATION OF SKILLED NURSING PROVIDERS,SAN CLEMENTE,CA,E19,3,2,0,0,0
814738396,MORENO & GO FOUNDATION,SAN CLEMENTE,CA,E80,3,2,0,0,0
392278784,INSPIRED LIFESTYLES,SAN CLEMENTE,CA,E70,3,2,0,0,0
461302922,FULL FILLMENT INC,SAN JUAN CAPISTRANO,CA,E86,3,2,0,0,0
822039843,WALK INTUIT INC,SAN JUAN CAPISTRANO,CA,E50,3,1,1226079,724871,724871
414819407,HEALING HANDS COMMUNITY CARE ALLIAN CE,SANTA ANA,CA,E70,3,2,,,
371668463,ORAL DISABILITY RESCUE A NOT FOR PROFIT ORGANIZATION,SANTA ANA,CA,E60,3,2,,,
993674798,CAREMORE ACADEMY,SANTA ANA,CA,E90,3,2,,,
843822040,SYRIAN AMERICAN ASSOCIATION OF SCIENCE AND HEALTH,SANTA ANA,CA,H03,3,2,0,0,0
843971283,SNF OF ORANGE COUNTY,SANTA ANA,CA,E31,3,2,1,0,0
612138033,JOURNEY FOUNDATION,SANTA ANA,CA,E92,3,2,0,0,0
861319507,SODA SMART,SANTA ANA,CA,E01,3,2,0,0,0
872123806,MALESIA ASSOCIATION OF CALIFORNIA INC,SANTA ANA,CA,E80,3,2,0,0,0
854395319,UNITED REACH INC,SANTA ANA,CA,E60,3,2,0,0,0
474630749,MINISTERIO ALAS DE ESPERANZA,SANTA ANA,CA,H11,3,2,0,0,0
463864810,UROLOGIC SOCIETY FOR TRANSPLANTATION AND RENAL SURGERY,SANTA ANA,CA,H03,3,2,0,0,0
825103366,NDPH RESEARCH FOUNDATION,SANTA ANA,CA,H12,3,2,0,0,0
330925990,EYESONTHEPRIZE ORG,SANTA ANA,CA,G30,3,2,0,0,0
843128751,DIVINE MERCY CHARITY FOUNDATION,SANTA ANA,CA,E99,3,2,0,0,0
320101760,A A CARE CENTER,SANTA ANA,CA,E70,3,2,12944,0,0
850576857,ART SPREAD,SANTA ANA,CA,G50,3,2,0,0,0
205230144,GRANDPARENT AUTISM NETWORK,SANTA ANA,CA,G84,3,2,0,0,0
330806515,ORANGE COUNTY GLOBAL MEDICAL CENTER AUXILIARY,SANTA ANA,CA,E19,3,2,35783,1401,1401
204792248,NEUROPATHY ACTION FOUNDATION,SANTA ANA,CA,G96,3,1,347696,73114,73114
331143366,GREEN FOUNDATION,SANTA ANA,CA,E60,3,1,355827,244299,244299
462562585,NOROOZ CLINIC FOUNDATION,SANTA ANA,CA,E60,3,1,101921,921947,921947
141911866,PACIFIC ISLANDER HEALTH PARTNERSHIP,SANTA ANA,CA,E70,3,1,1063662,1031381,1031381
472671013,COMMUNITY HEALTH INITIATIVE OF ORANGE COUNTY,SANTA ANA,CA,E19,3,1,1616760,1629969,1615864
472256353,SAINT YOUSTINA,SANTA ANA,CA,E32,3,1,941963,2691075,2691075
330518078,MOMS ORANGE COUNTY,SANTA ANA,CA,E46Z,3,1,7821380,5133564,2869452
821598439,ACCESS COMMUNITY HEALTH CENTER,SANTA ANA,CA,E32,3,1,3114921,7667181,7667181
951856340,UNITED CEREBRAL PALSY ASSOCIATION OF ORANGE COUNTY INC,SANTA ANA,CA,G200,3,1,11823926,13027517,12908123
951792279,REIMAGINE NETWORK,SANTA ANA,CA,E50Z,3,1,19654008,13453623,9415922
833959458,HARBOR OF HOPE WOMEN S CANCER FOUNDATION,SEAL BEACH,CA,E86,3,2,0,0,0
412579402,PIONEERS IN ADVANCING TRANSATIONAL HEALTH,SEAL BEACH,CA,H99,3,2,0,0,0
474849467,TOPS CLUB INC,SEAL BEACH,CA,E70,3,2,0,0,0
262241388,MAKE A SMILE FOUNDATION INC,SEAL BEACH,CA,E70,3,2,0,0,0
820952544,ROSA THAY NGUYEN CHILDRENS FOUNDATION,SEAL BEACH,CA,E80,3,2,0,0,0
270947808,LIVINGSTONE COMMUNITY DEVELOPMENT CORPORATION,STANTON,CA,E30,3,1,4043246,2670830,2535719
332900448,SOCAL MEDTECH ASSOCIATION,TUSTIN,CA,H03,3,1,,,
262215746,CALIFORNIA PARKINSONS GROUP FOUNDATION,TUSTIN,CA,G80,3,2,0,0,0
923223880,LOVE IN TRUTH INSTITUTE INC,TUSTIN,CA,E70,3,2,0,0,0
991237019,OC WELLNESS CARE,TUSTIN,CA,E99,3,2,0,0,0
465612482,WILDCARD ARMY INC,TUSTIN,CA,G12,3,2,0,0,0
330820148,SOUTHERN CALIFORNIA MEDICAL EDUCATION COUNCIL,TUSTIN,CA,G03,3,2,0,0,0
843022851,CONCUSSION CONNECTION INC,TUSTIN,CA,E01,3,2,0,0,0
262794755,THE EDDIE GUARDADO FOUNDATION,TUSTIN,CA,H84,3,2,0,0,0
842781015,ALZHEIMER PREVENTION FOUNDATION,TUSTIN,CA,G83,3,2,0,0,0
474008624,FOOTHILL REGIONAL MEDICAL CENTER MEDICAL STAFF,TUSTIN,CA,E03,4,2,0,0,0
474233634,BACON BITS OF HOPE,TUSTIN,CA,G01,3,2,0,0,0
920313050,ALCHEME NATURAL HEALTH INSTITUTE,TUSTIN,CA,E21,3,2,18659,17534,17534
852080697,KEVIN AND SANDRA HUTTON FAMILY FOUNDATION,TUSTIN,CA,E60,3,2,195599,20000,20000
264335292,PROJECT POSSIBLE WORLDWIDE FKA OMF,TUSTIN,CA,E50,3,2,39592,34332,34332
851380339,AMENA MOBILE CLINIC,TUSTIN,CA,E32,3,2,8528,41939,41939
330282720,ALS SOUTHWEST ASSOCIATION,TUSTIN,CA,E60,3,1,1124628,981233,852070
330906866,HURTT FAMILY HEALTH CLINIC INC,TUSTIN,CA,E30,3,1,9107783,13961586,13961586
331936728,HEAL CAMPAIGN,VILLA PARK,CA,G99,3,2,0,1510,0
474325468,HARBOR EMERGENCY MEDICAL EDUCATION FOUNDATION,VILLA PARK,CA,E99,3,1,282491,227174,227174
993762906,VM CARES FOUNDATION,WESTMINSTER,CA,E60,3,2,,,
413302179,HER PROJECT,WESTMINSTER,CA,E70,3,2,,,
432080103,NATURAL HEALTH FOUNDATION INC,WESTMINSTER,CA,E99,3,2,1,0,0
813993764,CHIROPRACTIC FOR VIETNAM,WESTMINSTER,CA,E30,3,2,0,0,0
330865885,PARKINSONS MOVEMENT AND DISORDER FOUNDATION,WESTMINSTER,CA,H96,3,2,0,0,0
823484168,HEAR THE NEED,WESTMINSTER,CA,E70,3,2,0,0,0
954075524,ATHLETES & ENTERTAINERS FOR KIDS,WESTMINSTER,CA,E86Z,3,1,80062,156042,148954
334988353,REAL HEART FOUNDATION,YORBA LINDA,CA,G43,3,1,,,
834400197,SBUAA,YORBA LINDA,CA,E70,3,2,0,0,0
452723916,FIBROMYALGIA AWARENESS NATIONAL NETWORK,YORBA LINDA,CA,G50,3,2,0,0,0
872042004,CARISSA S FOUNDATION TO SUPPORT RESEARCH INC,YORBA LINDA,CA,G12,3,2,0,0,0
844850594,CURE BLAU SYNDROME FOUNDATION,YORBA LINDA,CA,H80,3,2,0,0,0
871505208,MISSION MINDED WORLDWIDE INC,YORBA LINDA,CA,E32,3,2,0,0,0
272115904,CANCER RADIATION FOUNDATION,YORBA LINDA,CA,G30,3,2,0,0,0
471240308,HEMORRHAGIC DISEASES FOUNDATION,YORBA LINDA,CA,H80,3,2,0,0,0
834337631,GLOBAL CHINESE YOUTH MENTAL HEALTH ASSOCIATION,YORBA LINDA,CA,H80,3,2,0,0,0
833676547,KEEP LIFE MOVING INC,YORBA LINDA,CA,E70,3,2,0,0,0
842127330,WOODMAN HEALTH FOUNDATION,YORBA LINDA,CA,E60,3,2,0,0,0
882521370,HEYERPOWER FOUNDATION INC,YORBA LINDA,CA,G30,3,2,0,0,0
161743815,ORANGE COUNTY DUALIES,YORBA LINDA,CA,H128,3,2,0,0,0
331932966,H3 FOUNDATION,YORBA LINDA,CA,E80,3,2,0,0,0
880668953,JOCELYNG WINGS4HOPE,YORBA LINDA,CA,H30,3,2,0,0,0
844393959,AMAZE RESEARCH FOUNDATION,YORBA LINDA,CA,H99,3,2,0,0,0
330618522,THE SOUTHERN CALIFORNIA SECTION OF THE AMERICAN ASSOCIATION FOR,YORBA LINDA,CA,E70Z,3,2,68211,7364,7364
472008593,NRPC INC,YORBA LINDA,CA,E60,3,2,851,8327,8327
990648749,MANA MINDFULNESS,YORBA LINDA,CA,E60,3,2,10669,25000,25000
331029337,NATIONAL ORGANIZATION OF DISORDERS OF THE CORPUS CALLOSUM,YORBA LINDA,CA,H48,3,1,511624,438507,433762
941196188,EASTERN STAR HOMES OF CALIFORNIA,YORBA LINDA,CA,E910,3,1,5482073,4681367,4545780
