Owner1,Owner2,SiteAddress,MailAddress,MailCity,APN,LastSeller,LastSaleDate,LastSaleValue,risk_tier
ONNI HUNTINGTON BEACH LLC,,17011 BEACH BLVD,5055 N 32ND ST STE 200,PHOENIX,165-364-16,"NF HUNTINGTON PLAZA LP,",07/11/2019,97250000.0,HIGH_VALUE
ARES INVESTMENT GROUP LLC,,7755 CENTER AVE,1683 SUNFLOWER AVE STE B,COSTA MESA,142-342-17,"ONE PACIFIC PLAZA OWNER LLC,",09/18/2023,42000000.0,HIGH_VALUE
ARES INVESTMENT GROUP LLC,,7777 CENTER AVE,1683 SUNFLOWER AVE STE B,COSTA MESA,142-342-20,"ONE PACIFIC PLAZA OWNER LLC,",09/18/2023,42000000.0,HIGH_VALUE
ARES INVESTMENT GROUP LLC,,7767 CENTER AVE,1683 SUNFLOWER AVE STE B,COSTA MESA,142-342-15,"ONE PACIFIC PLAZA OWNER LLC,",09/18/2023,42000000.0,HIGH_VALUE
ARES INVESTMENT GROUP LLC,,7711 CENTER AVE,1683 SUNFLOWER AVE STE B,COSTA MESA,142-342-16,"ONE PACIFIC PLAZA OWNER LLC,",09/18/2023,42000000.0,HIGH_VALUE
DUNBAR OLIVE LLC, DRI DELAWARE LLC,19131 DELAWARE ST,17151 NEWHOPE ST STE 209,FOUNTAIN VALLEY,159-331-02,"HUNTINGTON MANOR LLC,",05/05/2022,28000000.0,HIGH_VALUE
ADLAND APARTMENTS LLC,,324 CLAY AVE,17220 NEWHOPE ST STE 207,FOUNTAIN VALLEY,025-061-29,"HUNTINGTON AND CLAY APARTMENT LP,",11/12/2021,20250000.0,HIGH_VALUE
TS MARKETPLACE LLC,,20002 BROOKHURST ST,15565 BROOKHURST ST STE B,WESTMINSTER,155-181-04,"LBG HUNTINGTON BEACH LLC,",03/17/2016,18556000.0,HIGH_VALUE
TS MARKETPLACE LLC,,10026 ADAMS AVE,15565 BROOKHURST ST STE B,WESTMINSTER,155-181-03,"LBG HUNTINGTON BEACH LLC,",03/17/2016,18556000.0,HIGH_VALUE
TS MARKETPLACE LLC,,20052 BROOKHURST ST,15565 BROOKHURST ST STE B,WESTMINSTER,155-181-05,"LBG HUNTINGTON BEACH LLC,",03/17/2016,18556000.0,HIGH_VALUE
PILAND PROPERTIES II LLC,,16555 BEACH BLVD,765 ATTITUDE AVE,DAYTONA BEACH,142-173-01,"ABEL, HOWARD L; HOWARD L ABEL FAMILY TRUST,",08/17/2016,17000000.0,HIGH_VALUE
GOLDEN OAK CAPITAL MANAGEMENT LLC, HOLIDAY WEST HES LLC,14241 GOLDENWEST ST,1380 S ANAHEIM BLVD,ANAHEIM,195-332-02,"THE SCHOOL OF THE OZARKS,",02/16/2016,14970000.0,HIGH_VALUE
GOLDEN OAK CAPITAL MANAGEMENT LLC, HOLIDAY WEST HES LLC,14251 GOLDENWEST ST,1380 S ANAHEIM BLVD,ANAHEIM,195-332-01,"THE SCHOOL OF THE OZARKS,",02/16/2016,14970000.0,HIGH_VALUE
G-BOW LLC,,15172 GOLDENWEST CIR,18315 MOUNT BALDY CIR,FOUNTAIN VALLEY,142-421-13,"CITY OF WESTMINTER CORP,",08/08/2018,14500000.0,HIGH_VALUE
9950 SLATER AVENUE PROPERTY OWNER LLC,,9930 SLATER AVE,9950 SLATER AVE,FOUNTAIN VALLEY,167-241-05,"SERVICE PROPERTIES TRUST,",10/31/2025,13000000.0,HIGH_VALUE
HOANG SWEDEN LLC,,19362 BEACH BLVD,17805 TOIYABE ST,FOUNTAIN VALLEY,153-051-09,"TRI LIN HOLDINGS LLC,",06/29/2018,11500000.0,HIGH_VALUE
ADKOK LLC,,17331 BEACH BLVD,2022 VIA CERRITOS,PALOS VERDES ESTATES,165-225-07,"HB LAND LLC,",08/28/2019,10917500.0,HIGH_VALUE
ADKOK LLC,,17331 BEACH BLVD,2022 VIA CERRITOS,PALOS VERDES ESTATES,165-234-13,"HB LAND LLC,",08/28/2019,10917500.0,HIGH_VALUE
ADKOK LLC,,17331 BEACH BLVD,2022 VIA CERRITOS,PALOS VERDES ESTATES,165-225-06,"HB LAND LLC,",08/28/2019,10917500.0,HIGH_VALUE
LEHIGH HOLDING LLC,,8341 GARFIELD AVE,950 S COAST DR,COSTA MESA,157-411-02,"HO AND FRIENDS LLC,",09/12/2024,9000000.0,STANDARD
VAN BUREN PLAZA LLC,,16929 BEACH BLVD,701 N BRAND BLVD STE 810,GLENDALE,142-191-47,"BEACH & WARNER ASSOCIATES LP,",03/15/2019,8500000.0,STANDARD
"MILLENIA, PLAZA LLC",,17941 BEACH BLVD,7011 KOLL CENTER PKWY STE 150,PLEASANTON,165-181-35,"BEACH & TALBERT SHOPS LLC,",12/30/2021,7600000.0,STANDARD
"BEACH, BLVD MEDICAL LLC",,17752 BEACH BLVD,301 SHIPYARD WAY STE B,NEWPORT BEACH,167-601-01,"BLUE SKY HB LLC,",04/13/2018,7000000.0,STANDARD
IVC CALIFORNIA LLC,,16775 BEACH BLVD,972 QUEEN ST,HONOLULU,142-481-12,"MARTIN, LINDA B; THE NORTHERN TRUST COMPANY,",04/30/2025,6500000.0,STANDARD
303 PARTNERS LLC,,303 3RD ST,129 CABRILLO ST STE 202,COSTA MESA,024-144-12,"TRAINER, BEN ADAM; TRAINER, LAURIE RUTH",01/19/2016,6000000.0,STANDARD
BETTER FUTURE INVESTMENT LLC,,400 MAIN ST,9708 SHAMROCK AVE,FOUNTAIN VALLEY,024-134-06,"EVERYBODYS GONE SURFIN LLC,",08/03/2022,6000000.0,STANDARD
DCO BEACH WALK LLC,,19891 BEACH BLVD,1745 SHEA CENTER DR STE 200,HIGHLANDS RANCH,025-200-72,"THE EVANGELICAL FREE CHURCH OF HUNTINGTO,",08/31/2011,6000000.0,STANDARD
LAKE PARKER PLAZA LLC, RIVER PARK LLC,18141 BEACH BLVD,PO BOX 491575,LOS ANGELES,159-271-69,"NEWPORT VICTORIA LLC,",12/13/2019,5915000.0,STANDARD
WILD WATER RE LLC,,17042 BEACH BLVD,6191 N STATE HIGHWAY 161 STE 460,IRVING,167-324-11,"KENNEPOHL, VESELA; THE KENNEPOHL FAMILY TRUST,",12/05/2022,5740000.0,STANDARD
PSI REAL ESTATE LLC,,323 14TH ST,387 S HENNING WAY,ANAHEIM,024-024-08,"SLOAN, RICHARD T; SLOAN, MARY E",02/22/2024,5450000.0,STANDARD
D2WLE LLC,,19206 BEACH BLVD,1400 N TUSTIN ST,ORANGE,153-041-16,"MAXEY PROPERTIES LLC,",08/24/2015,5220000.0,STANDARD
ACKERMAN PROPERTIES LLC,,16572 BEACH BLVD,5353 OSTROM AVE,ENCINO,107-401-35,"NORM S RESTAURANTS,",12/22/2014,5113000.0,STANDARD
YN REAL ESTATE LLC,,6502 BOLSA AVE,631 S BROOKHURST ST STE 213,ANAHEIM,145-211-54,"YS PROPERTIES LLC,",03/11/2022,5100000.0,STANDARD
AFFORDABLE HOUSING LAND CONSULTANTS LLC,,19431 BEACH BLVD,PO BOX 260770,ENCINO,025-180-23,"NGUYEN, HONG PHUONG; HONG PHUONG NGUYEN FAMILY TRUST,",05/27/2021,5000000.0,STANDARD
BLUE PACIFIC HOLDINGS LLC,,35 SILVER PINE DR,1927 HARBOR BLVD # 305,COSTA MESA,935-900-97,"LI, YUXUAN; FANG, XIAOLING",04/08/2024,4800000.0,STANDARD
AIMS LLC,,16091 BEACH BLVD,15142 SOBEY RD,SARATOGA,142-082-35,"PACIFICLEWIS PROPERTIES,",01/18/2017,4600000.0,STANDARD
BROOK LEASING LLC,,5221 OCEANUS DR,940 CORONADO DR,COSTA MESA,145-014-58,"MRH LEASING CORPORATION,",06/03/2011,4000000.0,STANDARD
ERA VENTURES LLC,,8700 WARNER AVE,11160 WARNER AVE STE 315,FOUNTAIN VALLEY,167-371-01,"WARNER FV LLC,",08/28/2018,4000000.0,STANDARD
3191 RED HILL PARTNERS LLC,,3191 RED HILL AVE # B7,3191 RED HILL AVE,COSTA MESA,936-790-31,"STERLING BANK SPECIAL ASSETS,",09/10/2010,3974500.0,STANDARD
GLOBAL WINS INVESTMENT LLC,,16392 SUNDANCER LN,16027 BROOKHURST ST # 256,FOUNTAIN VALLEY,178-691-10,"KENT, DAVID P; KENT, BRENDA L",01/22/2019,3660000.0,STANDARD
BEACH TUSSEH LLC,,17881 BEACH BLVD,15 HIGH WATER,NEWPORT COAST,165-181-38,"17881 BEACH BOULEVARD LLC,",09/28/2021,3500000.0,STANDARD
JARIC PROPERTIES LLC,,17288 BEACH BLVD,1321 S AUTO CENTER DR,ANAHEIM,167-311-03,"STEINER, MAUREEN; STEINER FAMILY TRUST,",04/12/2013,3400000.0,STANDARD
HAMILTON HB LLC,,9502 HAMILTON AVE,15565 BROOKHURST ST STE B,WESTMINSTER,149-201-46,"WOHL HB LLC,",02/19/2016,3300000.0,STANDARD
AFFORDABLE HOUSING LAND CONSULTANTS LLC,,19471 BEACH BLVD,PO BOX 260770,ENCINO,025-180-21,"PELOCHINO, JOHN F",05/27/2021,3200000.0,STANDARD
BEACH TALBERT PROPERTY LLC,,17931 BEACH BLVD,220 LAGUNA RD STE 3,FULLERTON,165-181-36,"MAR VISTA BEACH AND TALBERT LLC,",10/14/2021,3200000.0,STANDARD
DDD PHAM LLC,,19102 BEACH BLVD,1738 44TH AVE,SAN FRANCISCO,153-041-29,"BEACH PHAM LLC,",05/04/2010,3200000.0,STANDARD
DDD PHAM LLC,,19142 BEACH BLVD,1738 44TH AVE,SAN FRANCISCO,153-041-28,"BEACH PHAM LLC,",05/04/2010,3200000.0,STANDARD
BIRCH MEDICAL LLC,,20311 SW BIRCH ST,327 S ROYAL RIDGE DR,ANAHEIM,930-685-01,"PICKETT, ALIECE M; SCHROEDER, EDWARD P",04/30/2021,3000000.0,STANDARD
BASRAON LLC,,19071 BROOKHURST ST,283 MESA DR,COSTA MESA,153-201-32,"DRESS COAT LLC, ; OLSON, LINDA MARIE",08/30/2016,2850000.0,STANDARD
BASRAON LLC,,19091 BROOKHURST ST,283 MESA DR,COSTA MESA,153-201-31,"DRESS COAT LLC, ; OLSON, LINDA MARIE",08/30/2016,2850000.0,STANDARD
HADD PROPERTIES WARNER LLC,,11420 WARNER AVE,199 S FERRARI WAY,ANAHEIM,988-011-55,"BRISTOL PARK INVESTMENT GROUP III LP,",,2800000.0,STANDARD
TRIUMVIRATE LLC,,21951 BROOKHURST ST,9874 RARITAN AVE,FOUNTAIN VALLEY,151-234-09,"ROSELL, DAVID T; ROSELL, LORI L",11/19/2021,2800000.0,STANDARD
117 MAIN HB LLC, 117B MAIN HB LLC,117 MAIN ST,17870 NEWHOPE ST # 104-267,FOUNTAIN VALLEY,024-153-07,"MULLIGAN, DESIREE; THE GARY V MULLIGAN REVOCABLE TRUST,",09/11/2009,2800000.0,STANDARD
NM 168 LLC,,10139 LIGHTBREEZE CIR,10900 WARNER AVE STE 120,FOUNTAIN VALLEY,155-151-08,"HB HOMES MANAGEMENT LLC,",12/02/2022,2782500.0,STANDARD
NM 168 LLC,,10149 LIGHTBREEZE CIR,10900 WARNER AVE STE 120,FOUNTAIN VALLEY,155-151-07,"HB HOMES MANAGEMENT LLC,",12/02/2022,2782500.0,STANDARD
CRI PROPERTIES LLC,,18742 BEACH BLVD,2850 ORBITER ST,BREA,157-451-01,"SR ADVISOR LLC,",12/15/2016,2700000.0,STANDARD
CRI PROPERTIES LLC,,18732 BEACH BLVD,2850 ORBITER ST,BREA,157-451-09,"SR ADVISOR LLC,",12/15/2016,2700000.0,STANDARD
SID & THOM LLC,,19512 BEACH BLVD,716 CORPORATE CENTER DR,POMONA,153-091-06,"KIRKWOOD, JILL ELANE; JILL ELANE KIRKWOOD  TRUST,",10/21/2020,2700000.0,STANDARD
JARIC PROPERTIES LLC,,17342 BEACH BLVD,1321 S AUTO CENTER DR,ANAHEIM,167-311-04,"C & S LEE PROPERTIES LLC,",04/26/2023,2600000.0,STANDARD
VALHALLA FIDUCIARY LLC,,316 13TH ST,8939 RHINE RIVER AVE,FOUNTAIN VALLEY,024-026-31,"SOUZA FOES, LAUREN MARIE",09/23/2024,2398000.0,STANDARD
OWEN PROPERTY LLC,,731 OWEN DR,939 S CREEKVIEW LN,ANAHEIM,025-181-25,"A A S W LLC,",05/20/2021,2200000.0,STANDARD
LOS ALAMOS LLC,,17101 ASH LN,1100 DENNIS DR,COSTA MESA,165-362-17,"AYYOUB, EMAD H; AYYOUB, ENTESSAR",01/12/2016,2200000.0,STANDARD
HT8 LLC,,15182 BOLSA CHICA ST,PO BOX 10280,WESTMINSTER,145-014-49,"MAYER, ALBERT; DRAHONOVSKY, BRIGITTE",06/20/2016,2150000.0,STANDARD
HBHB HOLDINGS LLC,,17552 GRIFFIN LN,854 OAK ST,COSTA MESA,165-331-03,"STEPHAN, MARK J; STEPHAN, LINDA E",08/05/2020,2140000.0,STANDARD
BELINGER LLC,,6491 EDINGER AVE,11770 WARNER AVE STE 215,FOUNTAIN VALLEY,145-282-40,"ISHIHAMA, LINDA MASAKO; ISHIHAMA, CRAIG KAZUO",07/03/2014,2100000.0,STANDARD
AA INVESTMENT LLC,,7942 SPEER DR,16293 HEMLOCK ST,FOUNTAIN VALLEY,165-311-16,"SPEER PROPERTIES LLC,",08/11/2022,2100000.0,STANDARD
EVERYBODYS GONE SURLIN LLC,,944 11TH ST,25170 GOLDENWEST CIRCLE,WESTMINSTER,024-061-13,"BRIGGS, JORDAN; KNIGHT, ALEXANDRIA",04/19/2024,2065000.0,STANDARD
GEO FLO HOLDINGS LLC,,326 13TH ST,151 KALMUS DR STE H1,COSTA MESA,024-026-01,"KIM, SANG H; KIM, JULIE J",01/15/2019,2060000.0,STANDARD
M & N INDUSTRIAL PROPERTY LLC,,5322 MCFADDEN AVE,434 E 17TH ST,COSTA MESA,145-461-18,"MATAMOROS, ALEXANDER; HALTER FAMILY TRUST,",06/30/2021,2050000.0,STANDARD
SMFMC LLC,,18282 FIELDBURY LN,227 S RENOAK ST,ANAHEIM,159-254-04,"GUARDERAS, SHEILA",06/24/2024,1950000.0,STANDARD
RODECKER COMPANIES LLC,,208 15TH ST,17272 NEWHOPE ST,FOUNTAIN VALLEY,024-031-19,"REED, ROBERTA S; REED LIVING TRUST,",04/17/2025,1925000.0,STANDARD
BENTENG HOLDING LLC,,15 EBB TIDE CIR,15 EBB TIDE CIRCLE,COSTA MESA,939-832-06,"MAHONEY, GABRIEL; LIU, SHA",08/20/2025,1890000.0,STANDARD
JMD ESTATES LLC,,7552 REYNOLDS CIR,13761 GOLDENWEST ST UNIT 1910,WESTMINSTER,165-331-16,"BEELS, FRANK G; THE FRANK G BEELS FAMILY TRUST,",12/21/2023,1871500.0,STANDARD
TSO NEST LLC,,21161 POSTON LN,18360 SANTA ISADORA ST,FOUNTAIN VALLEY,148-113-11,"I M MARKS AND JOAN M MARKS FAMILY TRUST, ; MARKS, I M",08/04/2025,1860000.0,STANDARD
THE INCREDIBLES II LLC,,6392 MAPLE AVE,6391 INDUSTRY WAY,WESTMINSTER,195-293-02,"SHENETT, DUSTY; SHENETT, KAREN",10/16/2024,1825000.0,STANDARD
PRINCESS HOLDINGS LLC,,9631 INDIAN WELLS CIR,9631 INDIAN WELLS CIRCLE #1-725 # 1-725,FOUNTAIN VALLEY,149-292-17,"THE WATSON REVOCABLE LIVING TRUST, ; LAPLANTE, CHRISTINE M",08/20/2025,1800000.0,STANDARD
BELLA SPESE LLC, APA LLC,19901 BEACH BLVD,8840 WARNER AVE STE 204,FOUNTAIN VALLEY,025-200-68,"MING INTERNATIONAL GROUP,",05/08/2003,1800000.0,STANDARD
CHL GROUP LLC,,7311 LA MANCHA CIR,PO BOX 3774,COSTA MESA,142-231-30,"DON G COLLINS SEPARATE PROPERTY TRUST, ; DREYFUS, RICHARD",10/24/2025,1750000.0,STANDARD
WESTMAG CORNER LLC,,16602 WELLINGTON CIR,16300 SANDALWOOD ST,FOUNTAIN VALLEY,178-412-02,"PHAM, THI THU THUY",05/31/2024,1750000.0,STANDARD
JJC GROUP LLC,,7340 CORSICAN DR,7340 CORSICAN DRIVE,COSTA MESA,142-231-25,"CHAPTER ONE HOLDINGS LLC,",07/01/2025,1708000.0,STANDARD
STEVENTHAI LLC,,10151 BIRCHWOOD DR,9761 CALENDULA AVE,WESTMINSTER,155-101-13,"BOYCE, TONYA L; BOYCE, BRENT L",08/02/2024,1695000.0,STANDARD
SURF CITY ACQUISTIONS LLC,,201 16TH ST,1635 OHMS WAY # A,COSTA MESA,023-163-13,"HALBERT, BEN; JAMES E EICH TRUST,",06/28/2013,1650000.0,STANDARD
BAO ANH INVESTMENTS LLC,,9663 LA CAPILLA AVE,17938 SANTA VALERA ST,FOUNTAIN VALLEY,167-094-24,"VVEE CAPITAL INVESTMENTS LLC,",12/24/2024,1650000.0,STANDARD
BETTER FUTURE INVESTMENT LLC,,1201 PINE ST,9708 SHAMROCK AVE,FOUNTAIN VALLEY,023-082-14,"TRM MGMT INC,",09/28/2022,1640000.0,STANDARD
ROJACK LLC,,17168 NEWHOPE ST APT 103,17272 NEWHOPE ST,FOUNTAIN VALLEY,938-785-69,"LOUIE SUE LLC,",12/03/2009,1620000.0,STANDARD
DUBBSONE LLC,,17992 BARON CIR,18299 SANTA STEPHANA CIR,FOUNTAIN VALLEY,165-181-18,"1996 JOHNSON FAMILY TRUST, ; JOHNSON, STEVE K",02/27/2026,1610000.0,STANDARD
ADAMS JACKSON INVESTMENT LLC,,15062 ADAMS ST,9625 BOLSA AVE,WESTMINSTER,107-151-68,"PHAN, BAO SON",04/20/2018,1600000.0,STANDARD
FOUNTAIN VALLEY HOLDING LLC,,13892 HARBOR BLVD STE 4A,950 S COAST DR STE 155,COSTA MESA,938-660-10,"HUAN & DERICK LLC,",04/09/2025,1580000.0,STANDARD
EBL LLC,,14182 DENISE DR,10426 CIRCULO DE VILLA,FOUNTAIN VALLEY,195-321-28,"COUNTRYWIDE LLC,",04/09/2025,1555000.0,STANDARD
HABIQO LLC,,1646 POMONA AVE,637 CHANNEL WAY,COSTA MESA,930-618-68,"BLITHE, DEREK D",12/21/2021,1545000.0,STANDARD
245 FISCHER AVENUE AL LLC,,245 FISCHER AVE # A,245 FISCHER AVE STE A1,COSTA MESA,938-980-01,"FISCHER SUITES INC,",11/28/2017,1500000.0,STANDARD
5TH & PCH LLC,,155 5TH ST # R1,1945 PLACENTIA AVE STE D,COSTA MESA,937-195-42,"CRACCHIOLO, RACHELLE; CRACCHIOLO, SALVATOR W",05/13/2021,1491500.0,STANDARD
MACCO PROPERTIES LLC,,711 W 17TH ST # 71,711 W 17TH ST,COSTA MESA,939-830-71,"M HAUSMAN INC,",08/05/2025,1475000.0,STANDARD
RAYR HOLDINGS LLC,,9520 TALBERT AVE,15424 BROOKHURST ST,WESTMINSTER,157-121-04,"BRYAN, SCOTT R; BRYAN, CARMELLA J",05/16/2014,1445000.0,STANDARD
HABIQO LLC,,1669 GRAND VW,637 CHANNEL WAY,COSTA MESA,930-617-81,"HANLY, CHRIS",08/29/2022,1435000.0,STANDARD
MAHDEK PROPERTY PARTNERS LLC,,2616 ENGLAND ST,1635 OHMS WAY # A,COSTA MESA,025-111-26,"PERRAUD, BRYAN; PERRAUD, STACY",05/16/2019,1425000.0,STANDARD
MANDEK PROPERTY PARTNERS LLC,,2612 ENGLAND ST,1635 OHMS WAY # A,COSTA MESA,025-111-25,"PERRAUD, BRYAN; PERRAUD, STACY",05/16/2019,1425000.0,STANDARD
PACE RECOVERY CENTER LLC,,528 16TH ST,3197 AIRPORT LOOP DR STE B,COSTA MESA,023-148-33,"BAROT, DIPTI S",07/27/2017,1400000.0,STANDARD
SID KEY PROPERTIES LLC,,711 PACIFIC COAST HWY UNIT 315,695 TOWN CENTER DR STE 230,COSTA MESA,939-504-56,"UPDATE REAL ESTATE LLC,",03/04/2024,1350000.0,STANDARD
MALAGA STREET PARTNERS LLC,,16191 MALAGA LN,1635 OHMS WAY # A,COSTA MESA,107-772-05,"PAINE, RONALD A",03/21/2014,1350000.0,STANDARD
DAJOGIE ENTERPRISES LLC,,16191 BEACH BLVD,17964 POINT SUR ST,FOUNTAIN VALLEY,142-083-04,"MEISINGER ENTERPRISES LLC,",02/21/2020,1275000.0,STANDARD
HUNTINGTON VALLEY HOMES LLC,,17160 SAN MATEO ST # 33,17694 WARWICK CIR,FOUNTAIN VALLEY,930-294-33,"WAYMAN, MARCI K; ESTATE OF THOMAS R P WAYMAN,",07/23/2019,1250000.0,STANDARD
4MD MANAGEMENT LLC,,9514 SMOKE TREE AVE,8261 LILY AVE,WESTMINSTER,157-284-04,"LAWRENCE R DOAN AND ARLEEN C DOAN FMTR, ; DOAN, ARLEEN C",04/24/2026,1250000.0,STANDARD
PROPERTY SOLUTIONS 4U LLC,,20031 SHOREWOOD CIR,9129 HERON AVEUE,FOUNTAIN VALLEY,151-182-03,"CHASE, ERIN",04/28/2026,1225000.0,STANDARD
5TH STREET PARTNERS LLC,,17392 JACQUELYN LN # A,1635 OHMS WAY # A,COSTA MESA,165-241-07,"NGUYEN, VINCE; KREMP, ALLAN",09/30/2019,1200000.0,STANDARD
MANDEK 7 PROPERTY PARTNERS LLC,,17421 JACQUELYN LN,1635 OHMS WAY # A,COSTA MESA,165-241-17,"ANDERSON, DONNA; DONNA ANDERSON LIVING TRUST,",12/19/2018,1200000.0,STANDARD
COSMA LLC,,9682 INNSBRUCK DR,15915 MCDERMITT ST,FOUNTAIN VALLEY,153-143-16,"THE MICHAEL M KUTNER 2020 TRUST, ; PETERS, PHILLIP M",11/25/2024,1200000.0,STANDARD
SAIGON PLACE LLC,,15212 BEACH BLVD,9455 BOLSA AVE STE E,WESTMINSTER,107-151-30,"COOK, AARON; THE HAND FAMILY TRUST,",12/14/2017,1200000.0,STANDARD
DK SUITE HOMES LLC,,17342 WILD ROSE LN,8750 ROGUE RIVER AVE,FOUNTAIN VALLEY,163-021-11,"BEAR FLAG HOMES LLC,",08/19/2024,1185000.0,STANDARD
EVERSTEAD GROUP LLC,,14201 WILTSHIRE ST,13031 LA PATA ST,WESTMINSTER,195-132-09,"CHIN, TONY; NGUYEN, PAMELA",02/23/2026,1185000.0,STANDARD
SILVER HAWK RENTAL LLC,,16225 WHITECAP LN,2931 E LA JOLLA ST,ANAHEIM,178-781-29,"GENERATION REAL ESTATE II LP,",10/27/2010,1175000.0,STANDARD
R&D MGT LLC,,11640 WARNER AVE # 542,11640 WARNER AVE # 442,FOUNTAIN VALLEY,938-784-55,"RODECKER COMPANIES LLC,",07/18/2024,1150000.0,STANDARD
CJJ PROPERTY LLC,,9080 TALBERT AVE,17130 MAGNOLIA ST,FOUNTAIN VALLEY,157-132-38,"WHITE, JANICE; HENRY BOER AND CORDELIA M BOER 1986 FMTR,",12/23/2024,1150000.0,STANDARD
VD LAND LLC,,8692 RATHBURN AVE,14391 SHIRLEY ST,WESTMINSTER,107-453-03,"NGUYEN, DICHSON; NGUYEN, THAN THI",06/13/2023,1140000.0,STANDARD
BD ESTATES LLC,,5541 HEIL AVE,9840 RED RIVER CIR,FOUNTAIN VALLEY,146-155-39,"PACIFIC COAST FINANCIAL LLC,",03/03/2025,1125000.0,STANDARD
KAIHONG ESTATE LLC,,8828 LA ZANA CT,18583 CALLENS CIR,FOUNTAIN VALLEY,167-411-32,"BELL, CHRISTINE LEE; THE JILL BRACY REVOCABLE LIVING TRUST,",10/26/2023,1100000.0,STANDARD
SEASHORE INVESTMENT & CONSULTANCY LLC,,21142 MIRAMAR LN,18341 MOUNT WATERMAN ST,FOUNTAIN VALLEY,148-062-07,"MCGALL, BRYCE A",10/12/2023,1100000.0,STANDARD
PARAGON ENTERPRISES LLC,,102 SCHOLZ PLZ PH 32,225 MONTE VISTA AVE,COSTA MESA,936-762-40,"BIELLO, DANIEL ANTHONY",01/05/2022,1040000.0,STANDARD
RSD LLC,,4771 JAMES CIR,8861 KATELLA AVE,ANAHEIM,163-291-60,"FURIGA, CAROL ANN MONHEIM; ESTATE OF RICHARD JAMES MONHEIM,",06/18/2009,1025000.0,STANDARD
RSD LLC,,4781 JAMES CIR,8861 KATELLA AVE,ANAHEIM,163-291-61,"FURIGA, CAROL ANN MONHEIM; ESTATE OF RICHARD JAMES MONHEIM,",06/18/2009,1025000.0,STANDARD
AB BOND LLC,,18742 MAIN ST,9062 WINDSOR AVE,FOUNTAIN VALLEY,159-262-03,"DILLON, PATRICK J",10/22/2007,1025000.0,STANDARD
15300 BEACH BLVD LLC,,15211 JACKSON ST,15300 BEACH BLVD,WESTMINSTER,107-151-21,"PHAM, THUC VUONG; PHAM, TRAM TRINH",10/07/2005,1000000.0,STANDARD
DUAL WILLOW LLC,,1375 LOGAN AVE # 6,499 MAGNOLIA ST,COSTA MESA,932-072-25,"CHICHUNLIANG LLC,",02/21/2025,995000.0,STANDARD
KOI3576 LLC,,15111 VAN BUREN ST,9315 BOLSA AVE # 23,WESTMINSTER,107-180-30,"TRANLY LLC,",02/14/2022,995000.0,STANDARD
HABIQO LLC,,21436 AVERY LN,637 CHANNEL WAY,COSTA MESA,939-484-61,"KNOBLOCK, KEVIN; KNOBLOCK, SHARON",02/17/2023,985000.0,STANDARD
MERRICK 621 EXCHANGE LLC,,2900 BRISTOL ST # 55,2900 BRISTOL ST STE B204,COSTA MESA,939-570-67,"UAG PROPERTY SUB 2 LLC,",10/18/2016,945500.0,STANDARD
MERRICK 621 EXCHANGE LLC,,2900 BRISTOL ST # 56,2900 BRISTOL ST STE B204,COSTA MESA,939-570-68,"UAG PROPERTY SUB 2 LLC,",10/18/2016,945500.0,STANDARD
MERRICK 621 EXCHANGE LLC,,2900 BRISTOL ST # 57,2900 BRISTOL ST STE B204,COSTA MESA,939-570-69,"UAG PROPERTY SUB 2 LLC,",10/18/2016,945500.0,STANDARD
4 MD MANAGEMENT LLC,,19321 BEACH BLVD,PO BOX 11926,WESTMINSTER,025-182-22,"SCHWARTZ, STEVEN; SCHWARTZ, LINDA",06/01/2018,935000.0,STANDARD
MAHDEK 3 PROPERTY PARTNERS LLC,,17371 KEELSON LN,1635 OHMS WAY # A,COSTA MESA,165-233-20,"SCHAKEL, DAN; SCHAKEL, STEFANIE",01/28/2015,922000.0,STANDARD
9705PORTROYAL LLC,,9705 PORT ROYAL CIR,1187 GLENEAGLES TER,COSTA MESA,149-082-27,"EKBLOM, JONAS; EKBLOM, VERONICA BARRIO",08/01/2025,902000.0,STANDARD
WEST CONTINENTAL PROPERTIES LLC,,17671 BEACH BLVD,2791 MENDOZA DR,COSTA MESA,165-311-17,"CHEN, SHAN CHIN; CHEN, CHUN LEE",06/09/2005,900000.0,HBNC_PROXIMITY
HAN LLC,,6262 CHINOOK AVE,6431 NAVAJO RD,WESTMINSTER,195-283-09,"THE PAUL SULAHIAN REVOCABLE LIVING TRUST, ; SINANIAN, LARA",03/17/2026,900000.0,STANDARD
HAN LLC,,6272 CHINOOK AVE,6431 NAVAJO RD,WESTMINSTER,195-283-10,"THE PAUL SULAHIAN REVOCABLE LIVING TRUST, ; SINANIAN, LARA",03/17/2026,900000.0,STANDARD
MAHDEK 3 PROPERTIES PARTNERS LLC,,17411 KEELSON LN,1635 OHMS WAY # A,COSTA MESA,165-233-16,"ROMO, TORIBIO M",03/27/2015,895000.0,STANDARD
KMF ENTERPRISES LLC,,1375 LOGAN AVE # 9,750 SAINT CLAIR ST,COSTA MESA,932-072-28,"GDC LOGAN LLC,",02/02/2022,895000.0,STANDARD
WHITEY INVESTMENTS LLC,,3211 ANNE CIR # 102,283 ESTHER ST,COSTA MESA,936-290-88,"VAN HELDEN, JEANNE; VAN HELDEN, ROGER MAURICE",06/13/2023,880000.0,STANDARD
2900 E-LEGACY LLC,,2900 BRISTOL ST # 59,2900 BRISTOL ST STE B203,COSTA MESA,939-570-71,"UAG PROPERT SUB 2 LLC,",04/04/2022,875000.0,STANDARD
2900 E-LEGACY LLC,,2900 BRISTOL ST # 60,2900 BRISTOL ST STE B203,COSTA MESA,939-570-72,"UAG PROPERT SUB 2 LLC,",04/04/2022,875000.0,STANDARD
LUCY LEE HOLDINGS LLC,,380 W WILSON ST # 3,2345 NOTRE DAME RD,COSTA MESA,938-250-03,"RIEMER, JARED J; RIEMER, STEPHANIE L",04/20/2022,855000.0,STANDARD
TDN PROPERTIES LLC,,797 CENTER ST,14600 GOLDENWEST ST # 210,WESTMINSTER,939-290-54,"WILSON, GLENN; WILSON, MICHELLE",03/04/2021,833000.0,STANDARD
LOS DELANTARES LLC,,1400 PACIFIC COAST HWY APT 101,1210 W DWYER DR,ANAHEIM,939-501-90,"HILLMAN, NATALEE R",04/06/2020,827182.0,STANDARD
KRS WERKS LLC,,7561 CENTER AVE # E1,13337 SOUTH ST # 683,CERRITOS,142-474-15,"THOMAS, FLORA; THE THOMAS 2020 TRUST,",08/23/2023,825000.0,STEERING_NODE
KC GROUP LLC,,15301 PACIFIC ST,10252 AVENIDA CINCO DE MAYO,FOUNTAIN VALLEY,142-052-10,"GARCIA, ANGEL; GARCIA FAMILY TRUST,",11/16/2022,820000.0,STANDARD
ROBINHOOD INVESTMENTS LLC,,1228 RUTLAND RD APT 6,300 ROBINHOOD LN,COSTA MESA,934-180-18,"KARIGAN, DENA; NELSON, PAMELA",02/28/2025,815000.0,STANDARD
PT REALTY LLC,,4001 WARNER AVE,15211 BUCKNELL CIR,WESTMINSTER,930-820-84,"THE KEVIN J LARKIN TRUST, ; JOHNSON, VIRGINIA K",08/15/2025,800000.0,STANDARD
SDR LLC,,5902 CHINOOK DR,8861 KATELLA AVE,ANAHEIM,195-223-06,"RODRIGUEZ, OSCAR GABRIEL; RODRIGUEZ, LEAH DIANE",03/12/2020,770000.0,STANDARD
RASSA HB LLC,,18377 BEACH BLVD STE 216,9656 TURTLEDOVE AVE,FOUNTAIN VALLEY,930-034-49,"HUNTINGTON PACIFICA MONTERY LLC,",02/13/2018,760500.0,STANDARD
CAL NEWPORT MESA LLC,,2900 BRISTOL ST # 23,2900 BRISTOL ST STE C107,COSTA MESA,939-570-27,"THE WATERS AT CREEKSIDE 1 LLC,",08/06/2004,740000.0,STANDARD
CAL NEWPORT MESA LLC,,2900 BRISTOL ST # 24A,2900 BRISTOL ST STE C107,COSTA MESA,939-570-28,"THE WATERS AT CREEKSIDE 1 LLC,",08/06/2004,740000.0,STANDARD
CAL NEWPORT MESA LLC,,2900 BRISTOL ST # 24B,2900 BRISTOL ST STE C107,COSTA MESA,939-570-29,"THE WATERS AT CREEKSIDE 1 LLC,",08/06/2004,740000.0,STANDARD
CAL NEWPORT MESA LLC,,2900 BRISTOL ST # 25,2900 BRISTOL ST STE C107,COSTA MESA,939-570-30,"THE WATERS AT CREEKSIDE 1 LLC,",08/06/2004,740000.0,STANDARD
LIVINGSTON HOLDINGS LLC,,12610 WESTMINSTER AVE # 2F,10525 LAWSON RIVER AVE,FOUNTAIN VALLEY,938-691-11,"MCR PROPERTIES LLC,",03/08/2018,740000.0,STANDARD
DYLAN & ANDREW HOLDINGS LLC,,7561 CENTER AVE # J1,15822 GARNET ST,WESTMINSTER,142-474-28,"PEREZ, MARCO V; GUADALUPE VALENTIN PEREZ 2022 REV TR,",05/20/2022,725000.0,STEERING_NODE
MANCHESTER CENTER LLC,,17952 ELM ST,PO BOX 85,WESTMINSTER,167-152-14,"TRAN, TIEN D",03/09/2016,710000.0,STANDARD
HAROLD WESTMINSTER LLC,,12630 WESTMINSTER AVE # 4B,16199 GALLATIN ST,FOUNTAIN VALLEY,938-691-20,"TWOMEY HOLDINGS LLC,",11/21/2019,701500.0,STANDARD
19821 TRIDENT LANE LLC,,8911 SKIFF CIR,3161 BERMUDA DR,COSTA MESA,153-223-24,"JARROTT JR, DENNIS EARL; JARROTT, JANETTE",02/07/2017,688000.0,STANDARD
CB TALBERT LLC,,18012 S 3RD ST,9092 TALBERT AVE STE 1,FOUNTAIN VALLEY,157-131-16,"WHITE, JANICE",09/01/2020,680000.0,STANDARD
THE GIRL 1 LLC, THE GIRL 3 LLC,15441 BEACH BLVD,1775 W STATE ST # 349,BOISE,142-062-18,"MPM REAL ESTATE VENTURE LLC,",04/01/2025,672000.0,STANDARD
BAZOLA LLC,,16290 JUPITER CIR,10362 CIRCULO DE VILLA,FOUNTAIN VALLEY,107-625-19,"BURDICK, MICHAEL ARVID; BRANT BERNARD BURDICK & JUDITH ANN BURDI,",01/11/2021,670000.0,STANDARD
DTLC LLC,,17292 POPLAR ST,9196 MCELWEE RIVER CIR,FOUNTAIN VALLEY,167-161-09,"TANNER, RICHARD C; TANNER, SHARON L",04/04/2017,660000.0,STANDARD
RTED IRVINE LLC,,424 32ND ST STE A,PO BOX 18528,COSTA MESA,932-840-84,"MCMONIGLE, JOHN M; MCMONIGLE, ROBIN W",08/04/2005,655000.0,STANDARD
5TH & PCH LLC,,180 5TH ST,1945 PLACENTIA AVE STE D,COSTA MESA,937-195-43,"CAPREF STRAND LLC,",10/29/2019,650000.0,STANDARD
BAZOLA LLC,,16321 JUPITER CIR,10362 CIRCULO DE VILLA,FOUNTAIN VALLEY,107-625-24,"JACKSON, KAREN L; JACKSON TRUST,",09/24/2021,645000.0,STANDARD
NCO CONSULTING & INVESTMENT LLC,,3525 HYLAND AVE STE 255,3525 HYLAND AVE,COSTA MESA,932-632-73,"SHIELDSWARREN LLC,",04/25/2019,625000.0,STANDARD
JJSJ GROUP LLC,,12664 CHAPMAN AVE UNIT 1306,10720 PEONY CIR,FOUNTAIN VALLEY,936-191-16,"ASARE ANTWI, HWENSO KWADWO; ASARE ANTWI, KWADWO HWENSO",10/17/2024,625000.0,STANDARD
ALCHEMY FACTORY LLC,,2900 BRISTOL ST # 39,2900 BRISTOL ST STE D201,COSTA MESA,939-570-79,"OP PROPERTIES I LLC,",03/04/2016,620000.0,STANDARD
LANDMARK CAPITAL VENTURES LLC,,3525 HYLAND AVE STE 130,10121 NOTTINGHAM AVE,WESTMINSTER,932-632-80,"CRUSE, SISSI MARTINEZ; SISSI MARTINEZ CRUSE LIVING TRUST,",01/08/2025,610000.0,STANDARD
KIARACO LLC,,17200 NEWHOPE ST APT 101,17284 NEWHOPE ST STE 100,FOUNTAIN VALLEY,938-782-59,"DAVID GUELDNER TRUST, ; BAKER, KELLY",11/14/2025,600000.0,STANDARD
663 HIBISCUS LLC,,17200 NEWHOPE ST APT 104,17284 NEWHOPE ST # 222,FOUNTAIN VALLEY,938-782-62,"THE BART AND MARGARET JOLIN LIVING TRUST, ; BEAN, LAWRENCE",04/09/2026,600000.0,STANDARD
COUSYN SLATER PROPERTIES LLC,,11623 SLATER AVE # 29,17195 NEWHOPE ST STE 203,FOUNTAIN VALLEY,939-090-29,"THE PARKER FAMILY TRUST, ; PARKER, JAMES B",12/04/2025,600000.0,STANDARD
711 E5 LLC,,711 W 17TH ST # 53,2805 EUROPA DR,COSTA MESA,939-830-53,"MICLEA, GEORGE JOHAN; MICLEA, OLGA JEANNETTE",11/30/2016,595000.0,STANDARD
15 LA PACIFIC LLC,,3359 VIA SIENNA,2041 SWAN DR,COSTA MESA,935-134-11,"HARMON, ALIE L M N",12/15/2016,582500.0,STANDARD
711 WEST SEVENTEENTH LLC,,711 W 17TH ST # 55,711 W 17TH ST STE E7,COSTA MESA,939-830-55,"NEPHRONICS MANAGEMENT CORP,",04/25/2006,575000.0,STANDARD
THE GIRL 1 LLC, THE GIRL 3 LLC,19301 BEACH BLVD,1775 W STATE ST # 349,BOISE,025-182-32,"MPM REAL ESTATE VENTURE LLC,",04/01/2025,573000.0,STANDARD
SPARTACUS FUND LLC,,290 VICTORIA ST # 29,17284 NEWHOPE ST # 222,FOUNTAIN VALLEY,938-650-81,"BACKER, STEPHEN; BACKER, NANCY",06/17/2022,550000.0,STANDARD
HUNTINGTON VALLEY HOMES LLC,,17040 SAN BRUNO ST # 11,17694 WARWICK CIR,FOUNTAIN VALLEY,930-295-33,"AHLGRIM, PAMELA JEAN; THE AHLGRIM FAMILY TRUST,",08/05/2019,550000.0,STANDARD
HATTAN PROPERTIES LLC,,355 PLACENTIA AVE # 3,2905 REDWOOD AVE,COSTA MESA,930-354-03,"HOLLAND, DORIS U",11/14/2014,540000.0,STANDARD
REEL FOLEY SOUND LLC,,711 W 17TH ST # 78,2060 MANDARIN DR,COSTA MESA,939-830-78,"MARINE CONSULTANTING INC,",08/01/2019,525000.0,STANDARD
COMPETENT LLC,,2900 BRISTOL ST # 16A,2900 BRISTOL ST STE D107,COSTA MESA,939-570-18,"ESSEX WATERS AT CREEKSIDE LLC,",05/18/2005,524500.0,STANDARD
COMPETENT LLC,,2900 BRISTOL ST # 17,2900 BRISTOL ST STE D107,COSTA MESA,939-570-20,"ESSEX WATERS AT CREEKSIDE LLC,",05/18/2005,524500.0,STANDARD
HURACAN INVESTMENTS LLC,,2900 BRISTOL ST # 36,2900 BRISTOL ST STE C207,COSTA MESA,939-570-43,"ANGULO MCGHEE,",02/28/2023,465000.0,STANDARD
TINDVY LLC,,11024 CYNTHIA CIR # 4,16027 BROOKHURST ST # I722,FOUNTAIN VALLEY,934-660-08,"VO, MORRISON P",10/06/2021,465000.0,STANDARD
2900 E-LEGACY LLC,,2900 BRISTOL ST # 58,2900 BRISTOL ST STE B205,COSTA MESA,939-570-70,"MAZDIYASNI, PARVIZ; PISHDADI, MANDANA",05/05/2022,455000.0,STANDARD
BENLI LLC,,5231 CHARING CROSS RD,5172 VICTORIA PL,WESTMINSTER,195-422-73,"MACKENZIE, KATHRYN L; THE MACKENZIE FAMILY TRUST,",03/03/2017,452000.0,STANDARD
NORTHCO HOLDINGS LLC,,2900 BRISTOL ST # 6,2900 BRISTOL ST STE B107,COSTA MESA,939-570-06,"DONAHUE, RHONDA; MALZO, RAYMOND",12/12/2025,449000.0,STANDARD
DRUIFF INVESTMENTS LLC,,10360 WARNER AVE # 58,10370 NIGHTINGALE AVE,FOUNTAIN VALLEY,930-295-80,"RACIC, MITAR; RACIC, VERA",11/25/2013,438500.0,STANDARD
TN INVESTMENTS PROPERTIES LLC,,17220 NEWHOPE ST STE 208,17220 NEWHOPE ST STE 207,FOUNTAIN VALLEY,938-780-35,"BAGER ELECTRONICS INC,",03/01/2016,433000.0,STANDARD
COMPASSIONATE CARE HOSPICE LLC,,17220 NEWHOPE ST STE 124,17220 NEWHOPE ST,FOUNTAIN VALLEY,938-780-18,"VAN DEUSEN, ELISHA B; VAN DEUSEN, LESLIE A",09/04/2018,419000.0,STANDARD
COMPASSIONATE CARE HOSPICE LLC,,17220 NEWHOPE ST STE 123,17220 NEWHOPE ST,FOUNTAIN VALLEY,938-780-19,"VAN DEUSEN, ELISHA B; VAN DEUSEN, LESLIE A",09/04/2018,419000.0,STANDARD
VILLA POINT LLC,,17220 NEWHOPE ST STE 210,17220 NEWHOPE ST STE 207,FOUNTAIN VALLEY,938-780-37,"LENDING 3 INC,",09/20/2024,415000.0,STANDARD
15011 BEACH BLVD LLC,,15001 BEACH BLVD,6420 HOLLYWOOD BLVD,LOS ANGELES,142-032-06,"LE, LAN; 15001 BEACH BLVD TRUST,",12/19/2012,413000.0,STANDARD
ROCCOS AUTO TECH LLC,,775 W 17TH ST STE B,2895 MONTEREY AVE,COSTA MESA,939-831-19,"MESA PLACENTIA 17 LP, ; INVESTMENT PROPERTY OPTIONS LLC,",10/11/2007,375000.0,STANDARD
DU PROPERTIES LLC,,11577 SLATER AVE # 11,10876 EL CENTRO AVE,FOUNTAIN VALLEY,939-090-11,"DE SERIO, GEORGE RAYMOND; DE SERIO, JOSEPHINE",07/11/2014,350000.0,STANDARD
THREE-O-FOUR FERNANDO LLC,,310 FERNANDO ST APT 304,4300 E TERRA VISTA LN,ANAHEIM,932-940-29,"BSSC INC,",04/29/2019,325000.0,STANDARD
ROJACK LLC,,17230 NEWHOPE ST APT 211,17284 NEWHOPE ST STE 100,FOUNTAIN VALLEY,938-785-47,"CLUB 42 LLC,",05/08/2014,282500.0,STANDARD
RODECKER COMPANIES LLC,,17220 NEWHOPE ST STE 107,17272 NEWHOPE ST # J,FOUNTAIN VALLEY,938-780-07,"MATTHEWS, CRAIG D; CRAIG D MATTHEWS LIVING TRUST,",04/05/2024,227500.0,STANDARD
BELAVITA LLC,,11770 WARNER AVE STE 101,11770 WARNER AVE STE 215,FOUNTAIN VALLEY,938-781-62,"D J T COMPANY LLC,",04/08/2010,217000.0,STANDARD
BELAVITA LLC,,11770 WARNER AVE STE 102,11770 WARNER AVE STE 215,FOUNTAIN VALLEY,938-781-63,"D J T COMPANY LLC,",04/08/2010,217000.0,STANDARD
BELAVITA LLC,,11770 WARNER AVE STE 103,11770 WARNER AVE STE 215,FOUNTAIN VALLEY,938-781-64,"D J T COMPANY LLC,",04/08/2010,217000.0,STANDARD
BELAVITA LLC,,11770 WARNER AVE STE 104,11770 WARNER AVE STE 215,FOUNTAIN VALLEY,938-781-65,"D J T COMPANY LLC,",04/08/2010,217000.0,STANDARD
BELAVITA LLC,,11770 WARNER AVE STE 105,11770 WARNER AVE STE 215,FOUNTAIN VALLEY,938-781-66,"D J T COMPANY LLC,",04/08/2010,217000.0,STANDARD
BELAVITA LLC,,11770 WARNER AVE STE 106,11770 WARNER AVE STE 215,FOUNTAIN VALLEY,938-781-67,"D J T COMPANY LLC,",04/08/2010,217000.0,STANDARD
BELAVITA LLC,,11770 WARNER AVE STE 107,11770 WARNER AVE STE 215,FOUNTAIN VALLEY,938-781-68,"D J T COMPANY LLC,",04/08/2010,217000.0,STANDARD
BELAVITA LLC,,11770 WARNER AVE STE 108,11770 WARNER AVE STE 215,FOUNTAIN VALLEY,938-781-69,"D J T COMPANY LLC,",04/08/2010,217000.0,STANDARD
BELAVITA LLC,,11770 WARNER AVE STE 109,11770 WARNER AVE STE 215,FOUNTAIN VALLEY,938-781-70,"D J T COMPANY LLC,",04/08/2010,217000.0,STANDARD
BELAVITA LLC,,11770 WARNER AVE STE 110,11770 WARNER AVE STE 215,FOUNTAIN VALLEY,938-781-71,"D J T COMPANY LLC,",04/08/2010,217000.0,STANDARD
BELAVITA LLC,,11770 WARNER AVE STE 111,11770 WARNER AVE STE 215,FOUNTAIN VALLEY,938-781-72,"D J T COMPANY LLC,",04/08/2010,217000.0,STANDARD
BELAVITA LLC,,11770 WARNER AVE STE 112,11770 WARNER AVE STE 215,FOUNTAIN VALLEY,938-781-73,"D J T COMPANY LLC,",04/08/2010,217000.0,STANDARD
BELAVITA LLC,,11770 WARNER AVE STE 113,11770 WARNER AVE STE 215,FOUNTAIN VALLEY,938-781-74,"D J T COMPANY LLC,",04/08/2010,217000.0,STANDARD
BELAVITA LLC,,11770 WARNER AVE STE 114,11770 WARNER AVE STE 215,FOUNTAIN VALLEY,938-781-75,"D J T COMPANY LLC,",04/08/2010,217000.0,STANDARD
BELAVITA LLC,,11770 WARNER AVE STE 115,11770 WARNER AVE STE 215,FOUNTAIN VALLEY,938-781-76,"D J T COMPANY LLC,",04/08/2010,217000.0,STANDARD
BELAVITA LLC,,11770 WARNER AVE STE 116,11770 WARNER AVE STE 215,FOUNTAIN VALLEY,938-781-77,"D J T COMPANY LLC,",04/08/2010,217000.0,STANDARD
BELAVITA LLC,,11770 WARNER AVE STE 117,11770 WARNER AVE STE 215,FOUNTAIN VALLEY,938-781-78,"D J T COMPANY LLC,",04/08/2010,217000.0,STANDARD
BELAVITA LLC,,11770 WARNER AVE STE 118,11770 WARNER AVE STE 215,FOUNTAIN VALLEY,938-781-79,"D J T COMPANY LLC,",04/08/2010,217000.0,STANDARD
BELAVITA LLC,,11770 WARNER AVE STE 119,11770 WARNER AVE STE 215,FOUNTAIN VALLEY,938-781-80,"D J T COMPANY LLC,",04/08/2010,217000.0,STANDARD
BELAVITA LLC,,11770 WARNER AVE STE 120,11770 WARNER AVE STE 215,FOUNTAIN VALLEY,938-781-81,"D J T COMPANY LLC,",04/08/2010,217000.0,STANDARD
BELAVITA LLC,,11770 WARNER AVE STE 121,11770 WARNER AVE STE 215,FOUNTAIN VALLEY,938-781-82,"D J T COMPANY LLC,",04/08/2010,217000.0,STANDARD
BELAVITA LLC,,11770 WARNER AVE STE 122,11770 WARNER AVE STE 215,FOUNTAIN VALLEY,938-781-83,"D J T COMPANY LLC,",04/08/2010,217000.0,STANDARD
BELAVITA LLC,,11770 WARNER AVE STE 123,11770 WARNER AVE STE 215,FOUNTAIN VALLEY,938-781-84,"D J T COMPANY LLC,",04/08/2010,217000.0,STANDARD
BELAVITA LLC,,11770 WARNER AVE STE 124,11770 WARNER AVE STE 215,FOUNTAIN VALLEY,938-781-85,"D J T COMPANY LLC,",04/08/2010,217000.0,STANDARD
BELAVITA LLC,,11770 WARNER AVE STE 125,11770 WARNER AVE STE 215,FOUNTAIN VALLEY,938-781-86,"D J T COMPANY LLC,",04/08/2010,217000.0,STANDARD
BELAVITA LLC,,11770 WARNER AVE STE 126,11770 WARNER AVE STE 215,FOUNTAIN VALLEY,938-781-87,"D J T COMPANY LLC,",04/08/2010,217000.0,STANDARD
BELAVITA LLC,,11770 WARNER AVE STE 127,11770 WARNER AVE STE 215,FOUNTAIN VALLEY,938-781-88,"D J T COMPANY LLC,",04/08/2010,217000.0,STANDARD
BELAVITA LLC,,11770 WARNER AVE STE 201,11770 WARNER AVE STE 215,FOUNTAIN VALLEY,938-781-92,"D J T COMPANY LLC,",04/08/2010,217000.0,STANDARD
BELAVITA LLC,,11770 WARNER AVE STE 202,11770 WARNER AVE STE 215,FOUNTAIN VALLEY,938-781-93,"D J T COMPANY LLC,",04/08/2010,217000.0,STANDARD
BELAVITA LLC,,11770 WARNER AVE STE 203,11770 WARNER AVE STE 215,FOUNTAIN VALLEY,938-781-94,"D J T COMPANY LLC,",04/08/2010,217000.0,STANDARD
BELAVITA LLC,,11770 WARNER AVE STE 204,11770 WARNER AVE STE 215,FOUNTAIN VALLEY,938-781-95,"D J T COMPANY LLC,",04/08/2010,217000.0,STANDARD
BELAVITA LLC,,11770 WARNER AVE STE 205,11770 WARNER AVE STE 215,FOUNTAIN VALLEY,938-781-96,"D J T COMPANY LLC,",04/08/2010,217000.0,STANDARD
BELAVITA LLC,,11770 WARNER AVE STE 206,11770 WARNER AVE STE 215,FOUNTAIN VALLEY,938-781-97,"D J T COMPANY LLC,",04/08/2010,217000.0,STANDARD
BELAVITA LLC,,11770 WARNER AVE STE 207,11770 WARNER AVE STE 215,FOUNTAIN VALLEY,938-781-98,"D J T COMPANY LLC,",04/08/2010,217000.0,STANDARD
BELAVITA LLC,,11770 WARNER AVE STE 208,11770 WARNER AVE STE 215,FOUNTAIN VALLEY,938-781-99,"D J T COMPANY LLC,",04/08/2010,217000.0,STANDARD
BELAVITA LLC,,11770 WARNER AVE STE 209,11770 WARNER AVE STE 215,FOUNTAIN VALLEY,938-782-00,"D J T COMPANY LLC,",04/08/2010,217000.0,STANDARD
BELAVITA LLC,,11770 WARNER AVE STE 210,11770 WARNER AVE STE 215,FOUNTAIN VALLEY,938-782-01,"D J T COMPANY LLC,",04/08/2010,217000.0,STANDARD
BELAVITA LLC,,11770 WARNER AVE STE 211,11770 WARNER AVE STE 215,FOUNTAIN VALLEY,938-782-02,"D J T COMPANY LLC,",04/08/2010,217000.0,STANDARD
BELAVITA LLC,,11770 WARNER AVE STE 212,11770 WARNER AVE STE 215,FOUNTAIN VALLEY,938-782-03,"D J T COMPANY LLC,",04/08/2010,217000.0,STANDARD
BELAVITA LLC,,11770 WARNER AVE STE 213,11770 WARNER AVE STE 215,FOUNTAIN VALLEY,938-782-04,"D J T COMPANY LLC,",04/08/2010,217000.0,STANDARD
BELAVITA LLC,,11770 WARNER AVE STE 214,11770 WARNER AVE STE 215,FOUNTAIN VALLEY,938-782-05,"D J T COMPANY LLC,",04/08/2010,217000.0,STANDARD
BELAVITA LLC,,11770 WARNER AVE STE 216,11770 WARNER AVE STE 215,FOUNTAIN VALLEY,938-782-07,"D J T COMPANY LLC,",04/08/2010,217000.0,STANDARD
BELAVITA LLC,,11770 WARNER AVE STE 217,11770 WARNER AVE STE 215,FOUNTAIN VALLEY,938-782-08,"D J T COMPANY LLC,",04/08/2010,217000.0,STANDARD
BELAVITA LLC,,11770 WARNER AVE STE 218,11770 WARNER AVE STE 215,FOUNTAIN VALLEY,938-782-09,"D J T COMPANY LLC,",04/08/2010,217000.0,STANDARD
BELAVITA LLC,,11770 WARNER AVE STE 219,11770 WARNER AVE STE 215,FOUNTAIN VALLEY,938-782-10,"D J T COMPANY LLC,",04/08/2010,217000.0,STANDARD
BELAVITA LLC,,11770 WARNER AVE STE 220,11770 WARNER AVE STE 215,FOUNTAIN VALLEY,938-782-11,"D J T COMPANY LLC,",04/08/2010,217000.0,STANDARD
BELAVITA LLC,,11770 WARNER AVE STE 221,11770 WARNER AVE STE 215,FOUNTAIN VALLEY,938-782-12,"D J T COMPANY LLC,",04/08/2010,217000.0,STANDARD
BELAVITA LLC,,11770 WARNER AVE STE 222,11770 WARNER AVE STE 215,FOUNTAIN VALLEY,938-782-13,"D J T COMPANY LLC,",04/08/2010,217000.0,STANDARD
BELAVITA LLC,,11770 WARNER AVE STE 223,11770 WARNER AVE STE 215,FOUNTAIN VALLEY,938-782-14,"D J T COMPANY LLC,",04/08/2010,217000.0,STANDARD
BELAVITA LLC,,11770 WARNER AVE STE 224,11770 WARNER AVE STE 215,FOUNTAIN VALLEY,938-782-15,"D J T COMPANY LLC,",04/08/2010,217000.0,STANDARD
BELAVITA LLC,,11770 WARNER AVE STE 225,11770 WARNER AVE STE 215,FOUNTAIN VALLEY,938-782-16,"D J T COMPANY LLC,",04/08/2010,217000.0,STANDARD
BELAVITA LLC,,11770 WARNER AVE STE 226,11770 WARNER AVE STE 215,FOUNTAIN VALLEY,938-782-17,"D J T COMPANY LLC,",04/08/2010,217000.0,STANDARD
BELAVITA LLC,,11770 WARNER AVE STE 227,11770 WARNER AVE STE 215,FOUNTAIN VALLEY,938-782-18,"D J T COMPANY LLC,",04/08/2010,217000.0,STANDARD
BELAVITA LLC,,11770 WARNER AVE STE 228,11770 WARNER AVE STE 215,FOUNTAIN VALLEY,938-782-19,"D J T COMPANY LLC,",04/08/2010,217000.0,STANDARD
BELAVITA LLC,,11770 WARNER AVE STE 229,11770 WARNER AVE STE 215,FOUNTAIN VALLEY,938-782-20,"D J T COMPANY LLC,",04/08/2010,217000.0,STANDARD
BELAVITA LLC,,11770 WARNER AVE STE 230,11770 WARNER AVE STE 215,FOUNTAIN VALLEY,938-782-21,"D J T COMPANY LLC,",04/08/2010,217000.0,STANDARD
"TRIPLEX, LLC",,17220 NEWHOPE ST STE 104,17220 NEWHOPE ST STE 224,FOUNTAIN VALLEY,938-780-04,"TRIPLEX LLC,",09/27/2022,5000.0,STANDARD
"TRIPLEX, LLC",,17220 NEWHOPE ST STE 105,17220 NEWHOPE ST STE 224,FOUNTAIN VALLEY,938-780-05,"TRIPLEX LLC,",09/27/2022,5000.0,STANDARD
DNJ RESIDENTIAL PROPERTIES LLC,,5071 LINDA CIR,805 N HARBOR BLVD,ANAHEIM,146-013-15,"DNJ R PROPERTIES LLC,",02/25/2004,0.0,STANDARD
DNJ RESIDENTIAL PROPERTIES LLC,,5082 LINDA CIR,805 N HARBOR BLVD,ANAHEIM,146-013-04,"DNJ R PROPERTIES LLC,",06/22/2021,0.0,STANDARD
DNJ RESIDENTIAL PROPERTIES LLC,,5122 LINDA CIR,805 N HARBOR BLVD,ANAHEIM,146-013-08,"DNJ R PROPERTIES LLC,",04/29/2004,0.0,STANDARD
WILLOW LANE WESTMINSTER LLC,,6311 MAR VISTA DR,411 S MOUNTAIN GLEN RD,ANAHEIM,195-061-22,"PENA INVESTMENTS LLC,",04/16/2020,0.0,STANDARD
SDR LLC,,15421 HANOVER LN,8861 KATELLA AVE,ANAHEIM,145-151-16,"CHANG, ROBERT TE CHIN; CHANG, SANDRA MEI LING TU",,0.0,STANDARD
TAHOE STREET LLC,,6732 GLEN DR,411 S MOUNTAIN GLEN RD,ANAHEIM,145-427-05,"PENA, LUIS",05/16/2022,0.0,STANDARD
WILLOW LANE WESTMINSTER LLC,,15771 WICKLOW LN,411 S MOUNTAIN GLEN RD,ANAHEIM,145-116-04,"PENA INVESTMENTS LLC,",07/14/2023,0.0,STANDARD
CAOCREI LLC,,8851 LAWRENCE AVE,6964 E OVERLOOK TER,ANAHEIM,107-905-03,"JANDGA, RAY; JANDGA, ZEENAT",06/29/1999,0.0,STANDARD
WILLOW LANE WESTMINSTER LLC,,7101 HEIL AVE,411 S MOUNTAIN GLEN RD,ANAHEIM,142-374-34,"PENA INVESTMENTS LLC,",02/27/2023,0.0,STANDARD
TRF HOMES LLC,,6652 SHIRE CIR,1854 S SANTA CRUZ ST,ANAHEIM,159-352-11,"FUNKE, TIMOTHY W; FUNKE, REBECCA A",09/24/2018,0.0,STANDARD
NEO HOLDING COMPANY LLC,,7922 NOMAD CIR,136 S VISTA GRANDE,ANAHEIM,159-152-08,"TO, PHONG",06/29/2011,0.0,STANDARD
S A F A PROPERTY MANAGEMENT LLC,,7360 CERRITOS AVE # 8,4965 E WESTFIELD CT,ANAHEIM,938-910-60,"HUSSAINISHAH, SHAZIA; A M REVOCABLE TRUST OF MARCH 2012,",01/31/2012,0.0,STANDARD
MY VILLAGE LLC,,12555 EUCLID ST APT 53,PO BOX 2247,ANAHEIM,930-536-39,"AADESS, LATIFA",11/26/2002,0.0,STANDARD
KERBY PROPERTIES LLC,,12688 CHAPMAN AVE UNIT 3115,1083 S HANLON WAY,ANAHEIM,936-192-36,"KERBY, SOUHEILA; JERRY & SOUHEILA KERBY LIVING TRUST,",12/06/2013,0.0,STANDARD
KERBY PROPERTIES LLC,,12688 CHAPMAN AVE UNIT 3302,1083 S HANLON WAY,ANAHEIM,936-192-55,"KERBY, SOUHEILA; JERRY & SOUHEILA KERBY LIVING TRUST,",04/18/2014,0.0,STANDARD
L & E HOLDINGS LLC, LAKESIDE DRIVE TRUST,10541 LAKESIDE DR S # 159,9932 CRIS AVE,ANAHEIM,939-881-59,"WHOMSLEY, LUTHER E; WHOMSLEY, ELLEN C",12/19/1997,0.0,STANDARD
BDA INVESTMENTS LLC,,10956 BARCELONA CT # 4,1655 S TIARA WAY,ANAHEIM,930-535-00,"NGUYEN, MATTHEW; PHAN, VIVIAN",01/27/2021,0.0,STANDARD
200 MCNEIL LANE PH 3 LLC,,200 MCNEIL LN PH 3,960 S BOONE CIR,ANAHEIM,936-761-17,"NEGIN, NAZI",04/11/2019,0.0,STANDARD
DINAH 19 LLC,,260 CAGNEY LN APT 219,1831 W LINCOLN AVE,ANAHEIM,930-775-37,"ZORAYAN, PUZANT OZBAG; ZORAYAN, VIRGINIA OZBAG",01/05/2021,0.0,STANDARD
BLACK HORSE HOLDINGS LLC,,17220 SAN MATEO ST # 27,2249 S DELLA LN,ANAHEIM,930-294-27,"VASQUEZ, JOSHUA JAMES",09/30/2024,0.0,STANDARD
HB CITY PROPERTIES LLC,,212 CHICAGO AVE,1735 N PHEASANT ST,ANAHEIM,024-203-34,"DARIUSH, VICTORIA VU",01/25/2023,0.0,STANDARD
SDR LLC,,16691 BARTLETT LN,8861 KATELLA AVE,ANAHEIM,142-412-08,"CHANG, ROBERT TE CHIN; CHANG, SANDRA MEI LING TU",,0.0,STANDARD
C & H COASTAL PROPERTIES LLC,,917 ALABAMA ST,1919 S ROBERT LN,ANAHEIM,025-056-09,"BOWERS, HOBART W",02/08/2023,0.0,STANDARD
2602-2606 FLORIDA LLC,,2602 FLORIDA ST,1012 S BURLWOOD DR,ANAHEIM,025-180-28,"CHERNEY, RICHARD; THE CHERNEY FAMILY TRUST,",,0.0,STANDARD
HIDDEN SPRINGS LTD LLC,,1812 FLORIDA ST,1161 N RED GUM ST,ANAHEIM,025-200-12,"KULLY, RUSSEL I; KULLY, HANNAH S",09/04/2001,0.0,STANDARD
71 DEMION LANE LLC,,18571 DEMION LN,1931 S ROBERT LN,ANAHEIM,157-502-06,"THE KEVN M BOETHLING TRUST, ; BOETHLING, KEVIN M",04/10/2026,0.0,STANDARD
9320 TALBERT ASSOCIATES LLC,,9320 TALBERT AVE,320 N PARK VISTA ST,ANAHEIM,157-171-03,"FOUNTAIN VALLEY MHP ASSOCIATES LP,",11/01/2018,0.0,STANDARD
WEST COAST APARTMENT & MANAGEMENT LLC,,830 14TH ST,PO BOX 17385,ANAHEIM,023-093-28,"WEST COAST APARTMENT AND MANAGEMENT LLC,",08/08/2023,0.0,STANDARD
RICHANCE HB LLC,,19432 BEACH BLVD,18199 SUMMER AVE,ARTESIA,153-051-11,"HSU, ANDY C H; CHEN, PEI WEN",11/05/2004,0.0,STANDARD
BONNIE DOONE LLC,,17541 BEACH BLVD,1023 BONNIE DOONE TER,CORONA DEL MAR,165-321-06,", WARD LYNDA L",12/16/1997,0.0,STANDARD
COCO INVESTMENT 3 LLC,,15182 PURDY ST,1783 HAWAII CIR,COSTA MESA,107-435-16,"PHAM, PHUONG TRAN NHA",06/29/2017,0.0,STANDARD
COCO INVESTMENT 3 LLC,,7712 ALHAMBRA DR,1785 HAWAII CIR,COSTA MESA,142-285-17,"PHAMA, PHUONG TRAN NHA",10/29/2021,0.0,STANDARD
CCK PPTY HOLDINGS LLC,,9525 NIGHTINGALE AVE,3030 PULLMAN ST,COSTA MESA,157-021-35,"YEUNG, BRENDA L; YEUNG, KAYUEN",,0.0,STANDARD
TRANSITIONS V LLC,,1821 LAKE ST,3151 AIRWAY AVE STE Q3,COSTA MESA,023-074-07,"TRANSITIONS IV LLC,",06/01/2023,0.0,STANDARD
LRHP INVESTMENTS LLC,,711 ORANGE AVE,3198 AIRPORT LOOP DR STE D1,COSTA MESA,024-114-01,"HERZBERG, LISA RUBY",06/01/1998,0.0,STANDARD
LC #2 LLC,,19732 MATSONIA LN,1121 CORONA LN,COSTA MESA,155-035-05,"CARICH, LAURA JEAN; CARICH FAMILY TRUST,",05/31/2022,0.0,STANDARD
MAN IN THE MIRROR LLC,,8266 GOLDEN CIR,3200 PARK CENTER DR STE 260,COSTA MESA,930-157-74,"WONG, JOHN; TRAN, ANH",,0.0,STANDARD
MAN IN THE MIRROR LLC,,8256 GOLDEN CIR,3200 PARK CENTER DR STE 260,COSTA MESA,930-158-11,"WONG, JOHN; TRAN, ANH",,0.0,STANDARD
HUNTINGTON BEACHER LLC,,17557 NEWLAND ST UNIT 102,PO BOX 3422,COSTA MESA,932-183-11,"HO, LOAN K",,0.0,STANDARD
DAWN PATROL LLC,,411 CORAL REEF DR UNIT 36,PO BOX 1852,COSTA MESA,930-794-36,"RODERMUND, DOUGLAS STEVEN",01/22/2004,0.0,STANDARD
CCK PPTY HOLDINGS LLC,,900 PACIFIC COAST HWY APT 202,3030 PULLMAN ST,COSTA MESA,937-155-29,"YEUNG, KAYUEN; YEUNG, BRENDA",07/10/2006,0.0,STANDARD
S & S 1 LLC,,9514 BICKLEY DR # 8,1733 MONROVIA AVE STE V,COSTA MESA,931-930-16,"BABLOT, STEVEN R; BABLOT, SUSAN V",01/17/1996,0.0,STANDARD
MESA PACTFIC INVESTMENTS LLC,,1620 IOWA ST UNIT C,PO BOX 3774,COSTA MESA,932-070-47,"CAMPOS, JUNY E; CAMPOS, JESSICA",05/09/2018,0.0,STANDARD
PACIFIC PLEX LLC, RYAN MILNE REVOCABLE LIVING TRUST,2223 PACIFIC AVE APT C,165 22ND ST,COSTA MESA,931-170-11,"MILNE, RYAN L",06/04/2012,0.0,STANDARD
XENIA OUTPOST LLC,,380 W WILSON ST # 18,380 W WILSON ST APT C106,COSTA MESA,938-250-18,"POLYCHRONOPOULOS TRUST, ; POLYCHRONOPOULOS, ARISTIDES",05/06/2010,0.0,STANDARD
ORANGE PROPERTIES OF CALIFORNIA LLC,,2233 FAIRVIEW RD APT B,675 SENATE ST,COSTA MESA,934-840-20,"KRESSIN, SCOTT; GEORGE, MARISSA",02/26/2016,0.0,STANDARD
BHAVANA PROPERTIES LLC,,2620 ELDEN AVE # 2,2032 SANTA ANA AVE UNIT C,COSTA MESA,937-940-13,"ALLEN, DAVID; ALLEN, KATHRYN",02/27/2013,0.0,STANDARD
VAUGHAN PROPERTIES LLC," VAUGHAN, JAKE",695 CENTER ST UNIT B,3150 BRAY LN,COSTA MESA,937-361-68,"VAUGHAN, JAKE; LANG, LINDA ANNETTE",01/22/2013,0.0,STANDARD
HALF MOON RENTALS LLC,,1845 ANAHEIM AVE # 21,3223 COLORADO PL,COSTA MESA,937-360-51,"STRNAD, STUART W",09/19/2012,0.0,STANDARD
1681 MOONLIGHT HOLDINGS LLC,,1681 MOONLIGHT,1523 ORANGE AVE,COSTA MESA,930-618-06,"EISENBERG, ERIC",09/01/2020,0.0,STANDARD
1674 TOPANGA HOLDINGS LLC,,1674 TOPANGA,1523 ORANGE AVE,COSTA MESA,930-617-54,"EISENBERG, ERIC",09/10/2021,0.0,STANDARD
ADEN PROPERTIES LLC,,1685 GRAND VW,2915 RED HILL AVE STE B201D,COSTA MESA,930-617-86,"ADEN PROPERTIES LLC,",07/07/2021,0.0,STANDARD
COLUMBIA 5 LLC, 2918 PAPER LANE LLC,102 COLUMBIA ST # 5,3115 RED HILL AVE,COSTA MESA,932-580-05,"2918 PAPER LANE LLC,",10/28/2008,0.0,STANDARD
ESTATE PROTECTION LLC,,260 CAGNEY LN APT 312,2031 N CAPELLA CT,COSTA MESA,930-775-50,"CRICKS, CHRISTOPHER J; LAMANNA CRICKS, HAILEY N",11/19/2025,0.0,STANDARD
CLAYWOOD LLC,,3221 CLAY ST,3107 GIBRALTAR AVE,COSTA MESA,937-351-42,"JANRIC REAL ESTATE LLC, ; LAI, JULIE",03/12/2015,0.0,STANDARD
SSD CAROUSEL BEACH PROPERTIES LLC,,31 CORSICA DR,3315 FAIRVIEW RD,COSTA MESA,931-806-34,"DANIELS, SANDRA S",05/30/2019,0.0,STANDARD
CCK PPTY HOLDINGS LLC,,2119 CALIFORNIA ST,3030 PULLMAN ST,COSTA MESA,025-071-29,"YEUNG, KAYUEN; YEUNG, BRENDA L",01/08/1996,0.0,STANDARD
GLD HOLDINGS LLC,,16892 LYNN LN,151 KALMUS DR STE H1,COSTA MESA,178-261-03,"SHUBIN, NICK A; SHUBIN, DONNA J",09/20/2012,0.0,STANDARD
DAWN PATROL LLC,,2520 17TH ST,PO BOX 1852,COSTA MESA,025-062-14,"BRONZETREE TERRACES LLC,",11/20/2020,0.0,STANDARD
HUNTINGTON STREET LLC,,208 HUNTINGTON ST,262 BRENTWOOD ST,COSTA MESA,024-261-09,"SKAWINSKI, JAMES J; SKAWINSKI, MICHELE L",07/26/2004,0.0,STANDARD
GEO FLO HOLDINGS LLC,,802 KNOXVILLE AVE UNIT 102,151 KALMUS DR STE H1,COSTA MESA,025-171-04,"SHUBIN, NICK A; SHUBIN, DONNA J",04/30/1999,0.0,STANDARD
"BLUE, PACIFIC HOLDINGS LLC",,16852 BLANTON LN,1927 HARBOR BLVD # 305,COSTA MESA,178-243-24,"BROUKHIM, AMY; THE MB TRUST,",02/20/1997,0.0,STANDARD
JEK INVESTMENTS LLC,,1325 DELAWARE ST,620 TERMINAL WAY,COSTA MESA,025-091-01,"KOLL, EDWIN LEE; KOLL, JOANN D",,0.0,STANDARD
DEMION RE HOLDINGS LLC,,18581 DEMION LN,3194 HAITI CIR,COSTA MESA,157-502-07,"VAN HERK, JOHANNES A; VAN HERK, SHARON L",03/01/1993,0.0,STANDARD
ONNYX INVESTMENTS 2 LLC,,7952 GLENCOE DR,2665 HARBOR BLVD,COSTA MESA,142-102-19,"ONNYX INVESTMENTS LLC,",05/07/2024,0.0,STANDARD
BEACH PLAZA HB LLC,,17171 BEACH BLVD,2458 NEWPORT BLVD # 117,COSTA MESA,165-283-05,"JONES, DONALD P; JONES, ANDREA",01/14/2011,0.0,STANDARD
6920 WARNER AVE LLC,,6920 WARNER AVE,1835 NEWPORT BLVD # A109-324,COSTA MESA,165-081-17,"SAMSON, GARY; THE GARY D SAMSON DYNASTY TRUST NO 1,",07/07/2004,0.0,STANDARD
ONNYX INVESTMENTS 2 LLC,,16391 BEACH BLVD,2665 HARBOR BLVD,COSTA MESA,142-102-20,"ONNYX INVESTMENTS LLC,",06/23/2020,0.0,STANDARD
AYRES BROOKHURST PLAZA LLC,,9887 HAMILTON AVE,355 BRISTOL ST STE A,COSTA MESA,149-081-14,"AYRES, DOUGLAS R",12/26/2007,0.0,STANDARD
AYRES BROOKHURST PLAZA LLC,,21401 BROOKHURST ST,355 BRISTOL ST STE A,COSTA MESA,149-081-15,"AYRES, DOUGLAS R",12/26/2007,0.0,STANDARD
CANFIELD H B PROPERTIES LLC,,16711 PACIFIC COAST HWY,461 E 20TH ST,COSTA MESA,178-525-07,"CANFIELD, PAMELA A; CANFIELD SURVIVORS TRUST,",,0.0,STANDARD
PACIFIC COUNTIES LLC,,6012 WARNER AVE,1500 ADAMS AVE STE 300,COSTA MESA,110-301-32,"SPARKS ENTERPRISES LP,",11/20/1997,0.0,STANDARD
BURKE GOTHARD STREET PARTNERS LLC,,16392 GOTHARD ST,260 BAKER ST STE 100,COSTA MESA,142-121-27,"NINOS I LP,",04/06/2006,0.0,STANDARD
CROWN WEALTH PROPERTIES LLC,,2900 BRISTOL ST # 1,2900 BRISTOL ST STE B106,COSTA MESA,939-570-01,"STARPOINT COMMERCIAL PROPERTIES LLC,",09/14/2011,0.0,STANDARD
COMPETENT LLC,,2900 BRISTOL ST # 16B,2900 BRISTOL ST STE D107,COSTA MESA,939-570-19,"THE WATERS AT CREEKSIDE I LLC,",05/18/2005,0.0,STANDARD
16 GATEWOOD LLC,,2900 BRISTOL ST # 18,2900 BRISTOL ST STE D105,COSTA MESA,939-570-21,"KHANG T LE DDS INC,",11/30/2016,0.0,STANDARD
3191 RED HILL PARTNERS LLC,,3191 RED HILL AVE # B6,3191 RED HILL AVE STE 100,COSTA MESA,936-790-30,"3191 RED HILL PARTNERS LLC,",09/10/2010,0.0,STANDARD
GARY L JARVIS LLC,,424 32ND ST STE F,137 TRIBECA WAY,COSTA MESA,932-840-89,"JARVIS, GARY LEE; THE GARY LEE JARVIS LIVING TRUST,",04/25/2006,0.0,STANDARD
BURKE ASTRONAUTICS PARTNERS LLC,,14382 ASTRONAUTICS LN,260 BAKER ST STE 100,COSTA MESA,195-111-42,"BURKE ASTRONAUTICS DEVELOPMENT INC,",08/20/2008,0.0,STANDARD
BURKE GOTHARD STREET PARTNERS LLC,,16402 GOTHARD ST,260 BAKER ST STE 100,COSTA MESA,142-121-29,"NINOS I LP,",04/06/2006,0.0,STANDARD
SIKM PROPERTIES LLC,,5402 COMMERCIAL DR,2925 BRISTOL ST,COSTA MESA,145-483-05,", ROCK INDUSTRIES INC",12/08/1999,0.0,STANDARD
FROME DEVELOPMENTS OMEGA LLC,,7573 SLATER AVE,151 KALMUS DR STE F2,COSTA MESA,111-340-47,", SLATER NICHOLAS INDUSTRIAL PARK",01/11/1999,0.0,STANDARD
BURKE MONARCH MULTI LLC,,11258 MONARCH ST # 501,260 BAKER ST STE 100,COSTA MESA,936-751-37,"BURKE MONARCH LLC,",07/22/2008,0.0,STANDARD
R&S ASSET MANAGEMENT LLC,,2960 AIRWAY AVE # 3,2964 AIRWAY AVE,COSTA MESA,936-790-03,"RICHARD C HAASCH AND SUSAN L HAASCH FMTR, ; HAASCH, RICHARD C",08/11/2025,0.0,STANDARD
EPI LLC,,711 W 17TH ST # 17,711 W 17TH ST STE B5,COSTA MESA,939-830-17,"MURTAUGH, MARK",,0.0,STANDARD
KL INDUSTRIES LLC,,711 W 17TH ST # 18,711 W 17TH ST STE B7,COSTA MESA,939-830-18,"POBANZ, YUMIKO",10/11/1995,0.0,STANDARD
FLEJ HOLDINGS LLC,,711 W 17TH ST # 32,711 W 17TH ST STE C8,COSTA MESA,939-830-32,"BERNAL JR, FRANCISCO JAVIER; FRANKLIN BERNAL, JAMIE MARIE",03/13/2026,0.0,STANDARD
EPI LLC,,711 W 17TH ST # 33,711 W 17TH ST STE B5,COSTA MESA,939-830-33,"MURTAUGH, MARK",07/22/1994,0.0,STANDARD
711 W ANTHONY LLC,,711 W 17TH ST # 80,873 GOVERNOR ST,COSTA MESA,939-830-80,"TOLMAN, TROY",01/31/2018,0.0,STANDARD
FROME REALTY FUND-ALPHA LLC,,17202 GOTHARD ST,151 KALMUS DR STE F2,COSTA MESA,111-023-17,", FROME ENTERPRISES",09/04/1997,0.0,STANDARD
MILLER FAMILY BEACH HOLDINGS LLC,,15380 BEACH BLVD,9900 CULVER BLVD STE 1A,CULVER CITY,107-161-04,"MILLER, LOUIS G; MILLER, JUDITH",,0.0,STANDARD
MILLER FAMILY BEACH HOLDINGS LLC,,15342 BEACH BLVD,9900 CULVER BLVD STE 1A,CULVER CITY,107-161-02,"MILLER, LOUIS G; MILLER, JUDITH",,0.0,STANDARD
MILLER FAMILY BEACH HOLDINGS LLC,,15346 BEACH BLVD,9900 CULVER BLVD STE 1A,CULVER CITY,107-161-03,"MILLER, LOUIS G; MILLER, JUDITH",,0.0,STANDARD
MILLER FAMILY BEACH HOLDINGS LLC,,15450 BEACH BLVD,9900 CULVER BLVD STE 1A,CULVER CITY,107-161-08,"MILLER, LOUIS G; MILLER, JUDITH",,0.0,STANDARD
AF-GHBM LLC,,16171 BEACH BLVD,2521 FAIRMOUNT ST,DALLAS,142-083-30,"BRIDGESTONE/FIRESTONE NORTH AMERICAN TIR,",,0.0,STANDARD
HUNTINGTON PLAZA CENTER LLC,,17122 BEACH BLVD,32565 GOLDEN LANTERN # B343,DANA POINT,167-325-15,"THE DOMINIC & JUDY MANNA TRUST, ; MANNA, DOMINIC J",09/06/2001,0.0,STANDARD
HUNTINGTON PLAZA CENTER LLC,,17122 BEACH BLVD,32565 GOLDEN LANTERN # B343,DANA POINT,167-325-16,"THE DOMINIC & JUDY MANNA TRUST, ; MANNA, DOMINIC J",09/06/2001,0.0,STANDARD
LTJ SKYLINE LLC, GRAND STABLE AND CARRIAGE CO LLC,7677 CENTER AVE,2775 ARROWHEAD CT,DEER ISLAND,142-342-14,"ORANGE COUNTY TRANSPORTATION AUTHORITY,",03/10/2020,0.0,STANDARD
GR8 FAMILY HOMES LLC,,6791 HAZARD AVE,8750 ROGUE RIVER AVE,FOUNTAIN VALLEY,195-361-04,"NGHE, DANIEL D; NGHE, KIMBERLY P",06/02/2011,0.0,STANDARD
OCTOBER BEM LLC,,15311 CASCADE LN,18731 WESTWIND ST,FOUNTAIN VALLEY,142-263-08,"ZEROCOM REAL ESTATE INC,",10/31/2025,0.0,STANDARD
MJ TRAVEL TRAILERS LLC,,15401 CASCADE LN,9795 LA CAPILLA AVE,FOUNTAIN VALLEY,142-272-04,"VU, FRANK T; VU, BOL BOI N",08/09/2016,0.0,STANDARD
DAISY COAST LLC,,15071 EDEN ST,17870 NEWHOPE ST # 104507,FOUNTAIN VALLEY,107-431-06,"LE, ANH TU",12/14/2021,0.0,STANDARD
GALLATIN CORONADO RENTALS LLC,,15232 CORONADO ST,9338 POINSETTIA AVE,FOUNTAIN VALLEY,107-204-07,"TIEU, KEVIN KHAI; VAN PHAM, THI NGOC",03/25/2019,0.0,STANDARD
CHILI PEPPER INVESTMENT LLC,,15441 NANTUCKET ST,16027 BROOKHURST ST # I407,FOUNTAIN VALLEY,107-711-22,"VYAJ INVESTMENT LLC,",09/29/2016,0.0,STANDARD
BISHOP PINE PROPERTIES LLC,,8732 BISHOP AVE,9126 POINSETTIA AVE,FOUNTAIN VALLEY,107-443-07,"LANDSVERK, RICHARD IVAN; LANDSVERK, DOROTHY CHRISTINA",,0.0,STANDARD
CELESTIAL ESTATES LLC,,8771 PACHECO AVE,9922 CAMROSE CIR,FOUNTAIN VALLEY,107-443-34,"HA, PHOUPOC HUU; THI PHAM, KIM CHAU",09/14/2018,0.0,STANDARD
CECILIA & JOHN V LLC,,8912 PEBBLE BEACH CIR,17151 NEWHOPE ST STE 113,FOUNTAIN VALLEY,107-741-52,"NGUYEN, KIM THUY",05/30/2025,0.0,STANDARD
16092 FELTHAM CIR LLC,,16092 FELTHAM CIR,17928 TOIYABE CIR,FOUNTAIN VALLEY,107-912-17,"LESLIE H NGUYEN LIVING TRUST, ; NGUYEN, LESLIE H",08/27/2021,0.0,STANDARD
A & D LLC,,5821 VIEW CIR,18055 BUSHARD ST,FOUNTAIN VALLEY,146-312-13,"DO, ELIZABETH",05/18/2021,0.0,STANDARD
MARK LN LLC,,16382 MARK LN,18837 BROOKHURST ST STE 103,FOUNTAIN VALLEY,142-283-11,"VU, THERESE MINH; THERESE MINH VU FAMILY TRUST,",01/21/2022,0.0,STANDARD
TU BAN HERITAGE INVESTMENTS LLC,,7261 SUNBREEZE DR,9049 LEMONGRASS CT,FOUNTAIN VALLEY,165-271-04,"NGUYEN, BAN",08/14/2020,0.0,STANDARD
CECILIA & JOHN V LLC,,8822 EL CAPITAN AVE,17151 NEWHOPE ST STE 113,FOUNTAIN VALLEY,167-523-11,"NGUYEN, KIM THUY",07/07/2022,0.0,STANDARD
J & E ESTATES LLC,,17025 BUTTONWOOD ST,17758 JOSHUA CIR,FOUNTAIN VALLEY,167-083-01,"VAN BUI, TUONG; NGUYEN, HUONG THANH",02/07/2013,0.0,STANDARD
NJDL LLC,,17323 BUTTONWOOD ST,18042 SANTA CLAUDIA ST,FOUNTAIN VALLEY,167-103-11,"LEE, GEN HSING; LEE, LINDA C",,0.0,STANDARD
WADSWORTH PROPERTIES I LLC,,17089 GREENLEAF ST,PO BOX 8655,FOUNTAIN VALLEY,167-093-08,"PAN PACIFIC POOMSUWAN TRUST, ; BURNS, HUGH KEVIN",04/27/2007,0.0,STANDARD
D & C HOLDING VENTURES LLC,,7831 LIBERTY DR,10200 PEREGRINE CIR,FOUNTAIN VALLEY,165-311-41,"DONG, HAT PHI; HAT PHI DONG FAMILY TRUST,",05/07/2021,0.0,STANDARD
DIAMOND LOTUS INVESTMENTS LLC,,17882 SANTA MARIANA ST,18645 SANTA YNEZ ST,FOUNTAIN VALLEY,167-581-05,"DIAMOND LOTUS INVESTMENT INC,",08/26/2022,0.0,STANDARD
ELM STREET MANAGEMENT LLC,,17796 ELM ST,17830 WINTERBERRY ST,FOUNTAIN VALLEY,167-152-26,"NGUYEN, THAO HUYNH PHUONG",07/29/2019,0.0,STANDARD
ANDI HOLDINGS LLC,,17731 FREMONT ST,8700 WARNER AVE STE 220,FOUNTAIN VALLEY,167-253-15,"ANDERSON, DANNY MARSHALL; DROKER, SHELLY KATHLEEN",02/02/2010,0.0,STANDARD
CECILIA & JOHN II LLC,,9813 LA AMAPOLA AVE,10221 SLATER AVE,FOUNTAIN VALLEY,167-073-33,"NGUYEN, KIM THUY",05/28/2021,0.0,STANDARD
9883 TROWER CT LLC,,9883 TROWER CT,17272 NEWHOPE ST # J,FOUNTAIN VALLEY,157-243-32,"BLEIWEIS, GLENN JAY; BLEIWEIS, JENNIFER GEORGIA L",08/06/2018,0.0,STANDARD
CECILIA & JOHN I LLC,,9333 FLICKER AVE,10751 NEWHOPE STREET,FOUNTAIN VALLEY,157-301-06,"NGUYEN, KIM THUY",04/17/2024,0.0,STANDARD
3C REAL ESTATE HOLDINGS LLC,,18361 LINDEN ST,17564 WATERTON ST,FOUNTAIN VALLEY,157-103-07,"VALENTI, CAITLYN N; VALENTI, CHRISTOPHER J",10/17/2008,0.0,STANDARD
MEOW & BROS LLC,,18410 GIFFORD ST,9293 JASMINE AVE,FOUNTAIN VALLEY,157-181-14,"NGUYEN, VINH QUANG; NGUYEN, THI MINH",10/27/2023,0.0,STANDARD
SUBURBAN PROPERTIES LLC,,9679 ELLIS AVE,10529 SLATER AVE,FOUNTAIN VALLEY,157-054-58,"VILAGUT, GEORGE",06/15/2015,0.0,STANDARD
SMART INVEST HB LLC,,20012 SAND DUNE LN,10061 TALBERT AVE,FOUNTAIN VALLEY,023-601-20,"TRAN, PHAT L K",11/19/2003,0.0,STANDARD
203 FRANKFORT LLC,,203 FRANKFORT AVE,18231 SANTA CECILIA,FOUNTAIN VALLEY,024-183-32,"TRAN, LOUIS; HUYNH, BELLE THO",04/11/2022,0.0,STANDARD
HB 8 LLC,,112 8TH ST,11783 DOGWOOD AVE,FOUNTAIN VALLEY,024-124-24,"TRUONG, HOAN VU",12/08/2011,0.0,STANDARD
HB ALABAMA LLC,,125 ALABAMA ST,11783 DOGWOOD AVE,FOUNTAIN VALLEY,024-206-38,"TRUONG, HOAN VU",06/11/2014,0.0,STANDARD
RUSSELL GROVE LLC,,222 DETROIT AVE,16598 SILKTREE ST,FOUNTAIN VALLEY,024-202-24,"HA, LAWRENCE THUYET; TONG, MONGDIEP",08/07/2025,0.0,STANDARD
HB GLACIER INVESTMENTS LLC,,20111 GLACIER CIR,17824 SAN MINISO CIR,FOUNTAIN VALLEY,151-393-13,"NGUYEN, HUNG DUC; HUNG DUC NGUYEN LIVING TRUST,",10/31/2023,0.0,STANDARD
SG-HB LLC,,732 SANDGLASS DR,9335 ANDALUSIA AVE,FOUNTAIN VALLEY,025-175-32,"CHAO, WILLIAM; CHAO, KERRY",02/20/1996,0.0,STANDARD
20652 KELVIN LLC,,20652 KELVIN LN,8581 ROGUE RIVER AVE,FOUNTAIN VALLEY,151-124-25,"PLOTKN, ALAN; STEARNS PLOTKIN, LINDA",03/30/2001,0.0,STANDARD
DL CORNERSTONE INVESTMENTS LLC,,10158 LIGHTBREEZE CIR,17272 NEWHOPE ST # K,FOUNTAIN VALLEY,155-151-16,"HB HOMES MANAGEMENT LLC,",,0.0,STANDARD
THE DO-TRAN LEGACY LLC,,21821 OCEANVIEW LN,15900 MEAGHER ST,FOUNTAIN VALLEY,149-181-16,"DO, CAROLINE HIEN",10/21/2013,0.0,STANDARD
10422 SHANGRI LA LLC,,10422 SHANGRI LA DR,9482 GARDENIA AVE,FOUNTAIN VALLEY,155-024-10,"NGUYEN, RONALD CAO; NGO, TAM",09/22/2021,0.0,STANDARD
LUCKY IN LOVE ESTATES LLC,,6331 PACIFIC WAY,9874 HERON AVE,FOUNTAIN VALLEY,938-693-20,"RICKENBACH, NICHOLAS R; MOSARD, CASEY L",07/28/2017,0.0,STANDARD
C D EMERALD ENTERPRISES LLC,,8322 BOLSA AVE APT 13,10402 CIRCULO DE JUAREZ,FOUNTAIN VALLEY,939-890-13,"CAO, ANTHONY HUNG; CAO, BETTY NGOCBICHDANG",05/02/2018,0.0,STANDARD
TR ENTERPRISE LLC,,17090 SAN BRUNO ST # 13,18627 BROOKHURST ST # 445,FOUNTAIN VALLEY,930-295-35,"NGUYEN, TIMOTHY; CHUNG, ROMMONY",02/04/2009,0.0,STANDARD
17090 SAN BRUNO LLC,,17090 SAN BRUNO ST # 22,9097 COCKATOO AVE,FOUNTAIN VALLEY,930-295-44,"SPINNER FAMILY CHILDS EXEMPT TRUST, ; BROOKS, LAURA ANNE",,0.0,STANDARD
11600 WARNER LLC,,11600 WARNER AVE APT 536,11585 GLADSTONE CIR,FOUNTAIN VALLEY,938-784-49,"PEREZ, LUIS MANUEL; CUETO, JORGE PEREZ",,0.0,STANDARD
JBAR TRANS CAPITAL LLC,,17168 NEWHOPE ST APT 222,17272 NEWHOPE ST,FOUNTAIN VALLEY,938-786-00,"HO, DOUGLAS; VUONG, LYTA",12/04/2008,0.0,STANDARD
ROJACK LLC,,17168 NEWHOPE ST APT 223,17272 NEWHOPE ST # A,FOUNTAIN VALLEY,938-786-01,"FLOWER, PATRICK T",06/01/2010,0.0,STANDARD
ROJACK LLC,,17168 NEWHOPE ST APT 229,17284 NEWHOPE ST STE 100,FOUNTAIN VALLEY,938-786-07,"COX, JAMES R",12/06/2010,0.0,STANDARD
RODECKER COMPANIES LLC,,17210 NEWHOPE ST APT 1203,17284 NEWHOPE ST # 222,FOUNTAIN VALLEY,938-782-32,"RODECKER, DAVID",05/14/2021,0.0,STANDARD
RODECKER COMPANIES LLC,,17210 NEWHOPE ST APT 1211,17284 NEWHOPE ST # 222,FOUNTAIN VALLEY,938-782-40,"RODECKER, DAVID",05/14/2021,0.0,STANDARD
RRR EQUITIES LLC,,17210 NEWHOPE ST APT 1306,17284 NEWHOPE ST STE 100,FOUNTAIN VALLEY,938-782-47,"RING, MICHAEL S; RING, GIANINA",09/08/2014,0.0,STANDARD
OCM EQUITIES LLC,,17200 NEWHOPE ST APT 123,17284 NEWHOPE ST STE 100,FOUNTAIN VALLEY,938-782-81,"RODECKER, WALLACE B; RODECKER FAMILY TRUST,",03/02/2000,0.0,STANDARD
AFT LEGACY LLC,,101 SCHOLZ PLZ APT 218,16627 BROOKHURST ST # I545,FOUNTAIN VALLEY,936-761-90,"ALVANDI, ROBERT",07/05/2006,0.0,STANDARD
TR ENTERPRISE LLC,,10200 LA HACIENDA AVE # 1,18627 BROOKHURST ST # 445,FOUNTAIN VALLEY,930-294-01,"NGUYEN, TIMOTHY; CHUNG, ROMMONY",10/08/2002,0.0,STANDARD
10200 LA HACIENDA LLC,,10200 LA HACIENDA AVE # 5,9097 COCKATOO AVE,FOUNTAIN VALLEY,930-294-05,"SPINNER FAMILY CHILDS EXEMPT TRUST, ; BROOKS, LAURA ANNE",,0.0,STANDARD
KENT HOMES LLC,,321 11TH ST,16598 SILKTREE ST,FOUNTAIN VALLEY,024-027-11,"HA, LAWRENCE; TONG, MONGDIEP",12/20/2017,0.0,STANDARD
THREE TWO TWO LLC,,322 13TH ST,10221 SLATER AVE STE 107,FOUNTAIN VALLEY,024-026-03,"DUNAGAN, JANELL",10/21/2011,0.0,STANDARD
7651 AMAZON DRIVE LLC,,7651 AMAZON DR,11681 ESPEN CIR,FOUNTAIN VALLEY,142-331-23,"SINCLAIR, BRUCE A; SINCLAIR, MARJORIE A",,0.0,STANDARD
378 PROPERTIES LLC,,16622 GOLDENWEST ST,9814 LA AMAPOLA AVE,FOUNTAIN VALLEY,142-412-21,"SMITH, STEWART GREGORY",08/12/2003,0.0,STANDARD
PHUC LOC LLC,,16682 GOLDENWEST ST,9870 PETUNIA AVE,FOUNTAIN VALLEY,142-412-16,"NGUYEN, THI KIM CHI",09/29/2025,0.0,STANDARD
17392 DAIRYVIEW LLC,,17392 DAIRYVIEW CIR,10214 CARDINAL AVE,FOUNTAIN VALLEY,165-241-29,"PEREDO, ANTHONY R; PEREDO, KYUNG C",12/15/2000,0.0,STANDARD
8421 WARNER LLC,,8421 WARNER AVE,9900 TALBERT AVE # 101,FOUNTAIN VALLEY,107-664-11,"RICHLAND, BRANDON K",10/18/2023,0.0,STANDARD
JDJT BAO LLC,,17521 JEFFERSON LN,9961 SAGE CIR,FOUNTAIN VALLEY,167-481-04,"NGUYEN, TOAN B; BUI, JUDY",10/09/2019,0.0,STANDARD
JDJT BAO LLC,,17541 JEFFERSON LN,9961 SAGE CIR,FOUNTAIN VALLEY,167-481-05,"NGUYEN, TOAN B; BUI, JUDY",10/09/2019,0.0,STANDARD
1411 DELAWARE ST LLC,,1411 DELAWARE ST,18611 SANTA ISADORA ST,FOUNTAIN VALLEY,025-093-07,"TRAN, LINH",09/07/2021,0.0,STANDARD
ADLAND APARTMENTS LLC,,312 CLAY AVE,17220 NEWHOPE ST STE 207,FOUNTAIN VALLEY,025-061-30,"WHELAN, JOHN F",11/21/2003,0.0,STANDARD
WADSWORTH PROPERTIES I LLC,,16781 ROOSEVELT LN,PO BOX 8655,FOUNTAIN VALLEY,146-601-19,"PAN PACIFIC POOMSUWAN TRUST, ; BURNS, HUGH KEVIN",12/30/2005,0.0,STANDARD
ADLAND APARTMENTS LLC,,2810 HUNTINGTON ST,17220 NEWHOPE ST STE 207,FOUNTAIN VALLEY,025-061-35,"WHELAN, JOHN F",,0.0,STANDARD
ADLAND APARTMENTS LLC,,2820 HUNTINGTON ST,17220 NEWHOPE ST STE 207,FOUNTAIN VALLEY,025-061-36,"WHELAN, JOHN F",,0.0,STANDARD
DUBY RESIDENTIAL TWO LLC,,7802 RONALD DR,10221 SLATER AVE STE 107,FOUNTAIN VALLEY,165-302-07,"ARAUJO BYRNE, JANELL; THE JANELL ARAUJO BYRNE TRUST,",06/04/2007,0.0,STANDARD
DUBY RESIDENTIAL THREE LLC,,7812 RONALD DR,10221 SLATER AVE STE 107,FOUNTAIN VALLEY,165-302-08,"ARAUJO BYRNE, JANELL; THE JANELL ARAUJO BYRNE TRUST,",06/04/2007,0.0,STANDARD
JYT MANGEMENT LLC,,5042 DUNBAR DR,11037 WARNER AVE # 168,FOUNTAIN VALLEY,163-123-05,"TSAI, JAMES CHIN JEN; TSAI, YUE CHING",06/20/2011,0.0,STANDARD
TXCA1 LLC,,7782 SPEER DR,18611 SANTA ISADORA ST,FOUNTAIN VALLEY,165-311-04,"QUACH TRAN, TINA TUYET",10/11/2022,0.0,STANDARD
THE VU NGUYEN LLC,,8412 SLATER AVE,17455 OAK ST,FOUNTAIN VALLEY,167-492-29,"CHUONG DUC VU FAMILY TRUST, ; VU, CHUONG DUC",06/10/2010,0.0,STANDARD
NEWMAN 52 LLC,,7752 NEWMAN AVE,18898 QUINCE CIR,FOUNTAIN VALLEY,165-301-02,"LYNCH, CHAD; LYNCH, JULIA",04/01/2014,0.0,STANDARD
NEWMAN 62 LLC,,7762 NEWMAN AVE,18898 QUINCE CIR,FOUNTAIN VALLEY,165-301-03,"LYNCH, CHAD; LYNCH, JULIA",08/12/2022,0.0,STANDARD
NEW FRONTIER PROPERTIES LLC,,15142 JACKSON ST,17113 OAK ST,FOUNTAIN VALLEY,107-180-10,"NGUYEN, LINH HOANG; PHAM, THU THUY",06/04/2013,0.0,STANDARD
NM 169 LLC,,9430 WARNER AVE,10900 WARNER AVE STE 120,FOUNTAIN VALLEY,167-301-06,"NM 169 LLC,",09/20/2019,0.0,STANDARD
8112 TALBERT LLC,,8112 TALBERT AVE,17910 POINT REYES ST,FOUNTAIN VALLEY,988-481-11,"DE BEST, PETER H",,0.0,STANDARD
LOS AMIGOS MOBILE HOME PK LLC,,18601 NEWLAND ST,18182 BUSHARD ST,FOUNTAIN VALLEY,157-441-03,"KATO & ASSOCIATES LLC, ; KATO & ASSOCIATES,",10/25/2011,0.0,STANDARD
RANCHO LA SIESTA LLC,,18194 BUSHARD ST,18182 BUSHARD ST,FOUNTAIN VALLEY,157-231-04,"RANCHO LA SIESTA LLC, ; RANCHO LA SIESTA,",12/29/2010,0.0,STANDARD
BJJ NGO INVESTMENTS LLC,,8881 WARNER AVE,9664 POPPY CIR,FOUNTAIN VALLEY,107-231-07,"NGO, BILLY; NGO, JULIE",08/23/2017,0.0,STANDARD
BELLALANCE LLC,,6942 WARNER AVE,11770 WARNER AVE STE 215,FOUNTAIN VALLEY,165-081-19,"RALPHS GROCERY COMPANY,",10/20/2010,0.0,STANDARD
BETTER FUTURE INVESTMENT LLC,,410 MAIN ST,9708 SHAMROCK AVE,FOUNTAIN VALLEY,024-134-07,"PELUSO JR, LOREZO CHARLES; CAVIC FAMILY TRUST,",,0.0,STANDARD
BETTER FUTURE INVESTMENT LLC,,402 MAIN ST,9708 SHAMROCK AVE,FOUNTAIN VALLEY,024-134-08,"PELUSO JR, LOREZO CHARLES; CAVIC FAMILY TRUST,",,0.0,STANDARD
ROBVANDI RFG LLC,,6982 WESTMINSTER BLVD,16627 BROOKHURST ST # I545,FOUNTAIN VALLEY,195-331-36,"RFG WESTMINSTER ENTERPRISES INC,",11/22/2023,0.0,STANDARD
MESAVILLE HOLDINGS LLC,,5762 BOLSA AVE,11770 WARNER AVE STE 215,FOUNTAIN VALLEY,145-531-25,"CT HUNTINGTON LLC,",03/06/2013,0.0,STANDARD
HEART OF SEACRET LLC,,8342 GARDEN GROVE BLVD STE 8,18195 S 2ND ST,FOUNTAIN VALLEY,930-157-58,"MAI, ANDREW B; MAI, JACQUELINE",06/24/2019,0.0,STANDARD
HEART OF SEACRET LLC,,8342 GARDEN GROVE BLVD STE 9,18195 S 2ND ST,FOUNTAIN VALLEY,930-157-59,"MAI, ANDREW B; MAI, JACQUELINE",06/24/2019,0.0,STANDARD
TN INVESTMENTS PROPERTIESLLC,,17220 NEWHOPE ST STE 206,17220 NEWHOPE ST STE 207,FOUNTAIN VALLEY,938-780-33,"NGUYEN, THOMAS THONGVAN; NGUYEN, TRANG CAMLE",09/24/2007,0.0,STANDARD
VILLA POINT LLC,,17220 NEWHOPE ST STE 211,17220 NEWHOPE ST STE 207,FOUNTAIN VALLEY,938-780-38,"PARK, HENRY L; PARK, ANDREA H",05/12/2017,0.0,STANDARD
MESAVILLE HOLDINGS LLC,,5445 OCEANUS DR,11770 WARNER AVE STE 215,FOUNTAIN VALLEY,145-014-68,"CT HUNTINGTON LLC,",03/06/2013,0.0,STANDARD
7383 HARRIMAN CIRCLE LLC,,7383 HARRIMAN CIR,8927 SWORDFISH AVE,FOUNTAIN VALLEY,159-201-40,"KAHALE, NABIL F",10/03/2018,0.0,STANDARD
GEMAR TALBERT LLC,,7442 TALBERT AVE,17937 BAY ST,FOUNTAIN VALLEY,159-201-38,"DUCHENE, MARIE H",,0.0,STANDARD
DU PROPERTIES LLC,,11577 SLATER AVE # 12,10876 EL CENTRO AVE,FOUNTAIN VALLEY,939-090-12,"DE SERIO, GEORGE RAYMOND; DE SERIO, JOSEPHINE",03/06/2003,0.0,STANDARD
GGF HUNTINGTON LLC,,16622 BEACH BLVD,100 W BROADWAY STE 950,GLENDALE,107-601-49,"GGF HUNTINGTON LLC,",08/08/2003,0.0,STANDARD
GGF HUNTINGTON LLC,,16672 BEACH BLVD,100 W BROADWAY STE 950,GLENDALE,107-601-48,"GGF HUNTINGTON LLC,",08/08/2003,0.0,STANDARD
BROWN HUBERT LLC,,7561 CENTER AVE # D1,PO BOX 531604,HENDERSON,142-474-11,"CHEN, GEORGE T; CHEN, LEILANI S",04/29/2016,0.0,STEERING_NODE
FREEDMAN ENTERPRISES LLC,,7561 CENTER AVE # G3,19295 WOODLANDS DR,HUNTINGTN BCH,142-474-21,"FREEDMAN, CARL; FREEDMAN, BELLA",12/31/2009,0.0,STEERING_NODE
BEACH TREE LLC,,16141 BEACH BLVD,375 REDONDO AVE # PMB506,LONG BEACH,142-082-27,"DOVE E SHUKARTSI LIVING TRUST, ; MAYO, DOVE E SHUKARTSI",12/26/2025,0.0,STANDARD
BEACH TALBERT CENTER LLC,,18012 BEACH BLVD,8885 VENICE BLVD STE 200,LOS ANGELES,157-481-01,"LAMBERT, LEIGH ANN",05/30/2013,0.0,STANDARD
BEACH TALBERT CENTER LLC,,18012 BEACH BLVD,8885 VENICE BLVD STE 200,LOS ANGELES,157-481-02,"LAMBERT, LEIGH ANN",05/30/2013,0.0,STANDARD
FBP MANAGEMENT COMPANY LLC,,18377 BEACH BLVD STE 330,907 WESTWOOD BLVD # 293,LOS ANGELES,930-034-61,"FBP MANAGEMENT COMPANY LLC,",11/01/2018,0.0,STANDARD
17811 BEACH BLVD LLC,,17811 BEACH BLVD,26400 LA ALAMEDA STE 100,MISSION VIEJO,165-301-52,"COMMUNITY BANK,",04/11/2008,0.0,STANDARD
INDUSTRY INVESTMENT CO LLC,,7887 CENTER AVE,18 CYPRESS POINT LN,NEWPORT BEACH,142-342-21,"BELLA RETAIL OWNER LLC,",05/18/2012,0.0,STANDARD
DRT INVESTMENTS LLC,,19900 BEACH BLVD,20101 SW BIRCH ST STE 151,NEWPORT BEACH,153-091-27,"TAYLOR, DANIEL R; TAYLOR FAMILY TRUST,",10/28/2003,0.0,STANDARD
SUNNY INVESTMENTS LLC,,18477 BEACH BLVD,15 CORPORATE PLAZA DR STE 240,NEWPORT BEACH,159-031-10,"WADE, MARVIN LEE; WADE, DAVID",03/28/2008,0.0,STANDARD
TLM FAMILY INVESTMENTS LLC,,18211 BEACH BLVD,4685 MACARTHUR CT STE 450,NEWPORT BEACH,159-271-67,"LUIS, SHARON LEE; SHARON LEE LUIS TRUST,",,0.0,STANDARD
ROMA PROPERTIES LLC,,18455 BEACH BLVD,15 CORPORATE PLAZA DR STE 240,NEWPORT BEACH,159-031-17,"RONALD P BEARD TRUST, ; BEARD, RONALD P",09/15/1995,0.0,STANDARD
20001 BEACH BLVD LLC,,20001 BEACH BLVD,28 STILL WATER,NEWPORT COAST,025-143-10,"KASHANI DR DDS, MAJID",04/12/2013,0.0,STANDARD
PRIME HEALTHCARE HUNTINGTON BEACH LLC,,17772 BEACH BLVD,3480 E GUASTI RD # 3RD,ONTARIO,167-601-14,"MPT OF HUNTINGTON BEACH LP,",12/28/2012,0.0,STANDARD
PRIME HEALTHCARE HUNTINGTON BEACH LLC,,17772 BEACH BLVD,3300 E GUASTI RD STE 300,ONTARIO,167-601-03,"MPT OF HUNTINGTON BEACH LP,",12/28/2012,0.0,STANDARD
PRIME HEALTHCARE HUNTINGTON BEACH LLC,,17772 BEACH BLVD,3300 E GUASTI RD STE 300,ONTARIO,167-601-15,"MPT OF HUNTINGTON BEACH LP,",12/28/2012,0.0,STANDARD
SURF CITY LLC,,19731 BEACH BLVD,PO BOX 1,ORANGE,025-191-43,"NELSON, STEVEN A; STEVEN A NELSON TRUST,",03/19/1999,0.0,STANDARD
D2WLE LLC,,19202 BEACH BLVD,1400 N TUSTIN ST,ORANGE,153-041-15,"WILSON, DAVID W; DAVID W WILSON TRUST,",06/14/2005,0.0,STANDARD
ONNI HUNTINGTON BEACH LLC,,17091 BEACH BLVD,5055 N 32ND ST STE 200,PHOENIX,165-364-27,"J & J INVESTMENTS LLC,",02/21/2007,0.0,STANDARD
AREC 13 LLC,,15162 BEACH BLVD,PO BOX 29046,PHOENIX,107-151-34,"AMERCO REAL ESTATE CO, ; U HAUL REAL ESTATE CO,",07/11/2005,0.0,STANDARD
3 POOCHES LLC,,18971 BEACH BLVD,2158 56TH AVE,SACRAMENTO,159-111-21,"MACMILLAN, MARCELLA GREGORY; THE MARCELLA MACMILLAN TRUST,",10/28/2022,0.0,STANDARD
COOPER FAMILY LEGACY LLC," MCGEE, TIMOTHY S",16061 BEACH BLVD,PMB 380-4597,SAN FRANCISCO,142-081-18,"MCGEE, RILEY SEAN",03/10/2022,0.0,STANDARD
COOPER FAMILY LEGACY LLC," MCGEE, TIMOTHY S",16071 BEACH BLVD,PMB 380-4597,SAN FRANCISCO,142-081-26,"MCGEE, RILEY SEAN",03/10/2022,0.0,STANDARD
7979 CENTER LLC,,7979 CENTER AVE,60 W COCHRAN ST,SIMI VALLEY,142-342-22,"BELLA RETAIL OWNER LLC,",08/01/2013,0.0,STANDARD
FHJI LLC,,16502 BEACH BLVD,406 TIMBER LAKE WAY,SOUTHLAKE,107-401-04,"FHJ REALTY INC,",11/25/2015,0.0,STANDARD
BEACH-WESTMINSTER LLC,,15251 BEACH BLVD,4607 LAKEVIEW CANYON RD # 563,WESTLAKE VILLAGE,142-061-03,"SOUND INVESTMENTS,",,0.0,STANDARD
PLH HOLDINGS LLC,,14335 SUFFOLK ST,14331 SUFFOLK ST,WESTMINSTER,195-421-12,"HARRISON, PATTI L; HARRISON, PATTI L",,0.0,STANDARD
TVTT HUYNH LLC,,14422 BIRMINGHAM DR,14512 SOUTHFIELD DR,WESTMINSTER,195-441-32,"HUYNH, TIM THANH; HUYNH, VY TRUONG",10/27/2025,0.0,STANDARD
4MD MANAGEMENT LLC,,14121 HAMMON PL,PO BOX 11926,WESTMINSTER,195-174-27,"VU, DARLENE",10/31/2018,0.0,STANDARD
AEV TRAN INVESTMENT LLC,,6908 HOMER ST,14312 STRAIT ST,WESTMINSTER,897-211-02,"TRAN, HAI PHU; VUONG, NGUYET BICH",06/28/2010,0.0,STANDARD
S & N COMPANY LLC,,6422 DUNN DR,PO BOX 4035,WESTMINSTER,145-271-05,"S & N COMPANY,",01/21/2016,0.0,STANDARD
S & N COMPANY LLC,,15942 PLYMOUTH LN,PO BOX 4035,WESTMINSTER,145-095-07,"S & N COMPANY,",01/20/2016,0.0,STANDARD
15321 VASSAR LLC,,15321 VASSAR ST,15612 BRIARCLIFF ST,WESTMINSTER,142-306-04,"NGUYEN, TIEN VIET; DO, PHOEBE",09/09/2021,0.0,STANDARD
CTAA LLC,,6861 BREELAND DR,8251 WESTMINSTER BLVD STE 110,WESTMINSTER,145-264-23,"VM BDS LLC,",11/30/2021,0.0,STANDARD
CTAA LLC,,15921 FEOLA CIR,8251 WESTMINSTER BLVD STE 110,WESTMINSTER,145-252-34,"VM BDS LLC,",06/30/2022,0.0,STANDARD
WILLAN PROPERTIES LLC,,7872 DARWIN AVE,7261 CANTON AVE,WESTMINSTER,142-053-01,"HUGRON, WILLIAM",09/11/2008,0.0,STANDARD
TAN PHU CUONG LLC,,15662 WILSON ST,16423 MERCURY DR,WESTMINSTER,107-374-03,"VAN NGUYEN, PHU; NGUYEN, LEEANE",05/01/2019,0.0,STANDARD
TPD PROPERTY LLC,,8911 EMERALD AVE,14796 HARMONY LN,WESTMINSTER,107-671-06,"PHAN, PHILIP",02/17/2022,0.0,STANDARD
TTV REAL ESTATE LLC,,16022 ORD WAY,16082 WALKER CIR,WESTMINSTER,107-921-02,"NGUYEN, TRI MINH",05/27/2022,0.0,STANDARD
TAN PHU CUONG LLC,,16281 MERCURY DR,16423 MERCURY DR,WESTMINSTER,107-624-03,"VAN NGUYEN, PHU; NGUYEN, LEEANE",07/07/2009,0.0,STANDARD
AMERICA1 LLC, THE HUNTINGTON1 TTILE HOLDING TRUST,16542 MARIANA CIR,5562 LUTFORD CIR,WESTMINSTER,178-412-06,"HOANG, HUY Q; PHAN, CHAU N",10/25/2019,0.0,STANDARD
GEORGE & CHERYL HENDERSON LLC,,5951 LANGPORT CIR,15741 BUTTERFIELD ST,WESTMINSTER,146-552-13,"HENDERSON, CHERYL; HENDERSON, GEORGE S",12/05/2007,0.0,STANDARD
7289 MIRAGE DR LLC,,7289 MIRAGE DR,7000 GARDEN GROVE BLVD,WESTMINSTER,159-531-47,"BAILEY, DAVID",07/03/2023,0.0,STANDARD
LA COLONIA LLC,,9436 LA COLONIA AVE,16101 WALKER CIR,WESTMINSTER,167-163-19,"TRUONG, THI NGOC PHUONG; PHAM, TUNG THANH",03/02/2020,0.0,STANDARD
LELANA LLC,,9533 ACKLAY CIR,7766 WESTMINSTER BLVD,WESTMINSTER,167-271-22,"LE, HANH T",02/10/2017,0.0,STANDARD
FIRST PREMIER X LLC,,19831 DEGUELLE CIR,9559 BOLSA AVE STE D,WESTMINSTER,023-321-62,"TU, HOANG HUY; 2005 TU FAMILY TRUST,",05/04/2006,0.0,STANDARD
FIRST PREMIER X LLC,,19821 DEGUELLE CIR,9559 BOLSA AVE STE D,WESTMINSTER,023-321-63,"TU, HOANG HUY; 2005 TU FAMILY TRUST,",07/17/2014,0.0,STANDARD
SAMSEN GROUP LLC,,817 13TH ST,15170 GOLDENWEST CIR,WESTMINSTER,023-093-30,"NGUYEN, MIMI",09/10/2020,0.0,STANDARD
SVS EIGHT EIGHT LLC,,505 8TH ST,16485 MAGNOLIA ST,WESTMINSTER,024-103-13,"NGUYEN, SHIRLEY",12/09/2025,0.0,STANDARD
888 BEACH HOLDINGS LLC,,603 8TH ST,202 HOSPITAL CIR,WESTMINSTER,024-093-38,"TRAN, BACH DANG THI",05/09/2022,0.0,STANDARD
DRAGON TURTLE LLC,,233 ALABAMA ST,15170 GOLDENWEST CIR,WESTMINSTER,024-206-51,"NGUYEN, VU",05/16/2016,0.0,STANDARD
DRAGON TURTLE LLC,,235 ALABAMA ST,15170 GOLDENWEST CIR,WESTMINSTER,024-206-52,"NGUYEN, MIMI",12/22/2020,0.0,STANDARD
DRAGON TURTLE LLC,,231 ALABAMA ST,15170 GOLDENWEST CIR,WESTMINSTER,024-206-50,"NGUYEN, MIMI",08/09/2016,0.0,STANDARD
QMA HOLDINGS 2 LLC,,10910 SCOTTSBLUFF DR,7241 WESTMINSTER BLVD,WESTMINSTER,938-912-05,"NGUYEN, QUANG X; NGUYEN, MICHELLE M",11/30/2022,0.0,STANDARD
QMA HOLDINGS LLC,,10911 MONTAUK LN,7241 WESTMINSTER BLVD,WESTMINSTER,938-912-16,"NGUYEN, QUANG X; NGUYEN, MICHELLE M",11/30/2021,0.0,STANDARD
FIRST HIGHLAND LLC,,8171 COBBLESTONE LN # 4,9631 BOLSA AVE,WESTMINSTER,938-270-26,"NGUYEN, JOHN",10/17/2012,0.0,STANDARD
CALENDULA ESTATES LLC,,13914 PARKWAY DR # 55,9761 CALENDULA AVE,WESTMINSTER,932-640-55,"NGUYEN, MONICA; NGUYEN, THOMAS",03/27/2009,0.0,STANDARD
SHORTPOST CREST LLC,,308 COLUMBIA ST # 41,13590 BEACH BLVD,WESTMINSTER,932-580-41,"LONGPRE, CHRISTOPHER; LONGPRE, THU TRANG THI",08/17/2017,0.0,STANDARD
NAPHTALI LLC,,1902 W BALBOA BLVD,15440 BEACH BLVD STE 126,WESTMINSTER,932-700-59,"LE, BAOAN ANDY; SOM, LINDA SINAT",02/07/2013,0.0,STANDARD
8TH STREET INVESTMENTS LLC,,618 8TH ST,5042 CORNELL AVE,WESTMINSTER,024-094-03,"SHIGAKI, CLIFTON I; SHIGAKI, LOUANN K",11/15/2001,0.0,STANDARD
SYNIK WESTBEACH LLC,,16861 NEWLAND ST,7282 SIENA AVE,WESTMINSTER,107-665-01,"HUSSEIN, SYED M; HUSSEIN, NIKKI",,0.0,STANDARD
SMOKEWOOD LLC,,18842 SMOKEWOOD CIR,5342 SAINT MARYS CIR,WESTMINSTER,157-452-26,"PAUL YUK POR LEUNG FAMILY TRUST, ; LEUNG, PAUL YUK POR",11/16/2007,0.0,STANDARD
22ND HB APTS LLC,,317 22ND ST,15563 BROOKHURST ST,WESTMINSTER,023-125-10,"WONG, THOMAS KWOK PING; WONG, HSIU YS HSU",12/16/2024,0.0,STANDARD
22ND HB APTS LLC,,321 22ND ST,15563 BROOKHURST ST,WESTMINSTER,023-125-03,"WONG, THOMAS KWOK PING; WONG, HSIU YS HSU",04/30/2024,0.0,STANDARD
HUNTINGTON BRIDGE APARTMENTS LLC,,1517 HUNTINGTON ST,9172 CORONET AVE,WESTMINSTER,025-042-17,"BRIDGES, JOHN; BRIDGES, RORY LYNN",10/21/1994,0.0,STANDARD
LUDLOW CALIFORNIA HOLDINGS LLC,,1420 CALIFORNIA ST,5461 TATTERSHALL AVE,WESTMINSTER,025-093-10,"LUDLOW, DANIEL E; LUDLOW, CHRISTINE E",08/27/2001,0.0,STANDARD
FLORIDA BRIDGE APARTMENTS LLC,,19192 FLORIDA ST,9172 CORONET AVE,WESTMINSTER,159-161-18,"BRIDGES, JOHN ALVIN; BRIDGES, RORY LYNN",01/16/1996,0.0,STANDARD
BARAKAH LLC," OBEID, ABDUL RAHMAN",8161 SAN ANGELO DR,9581 WESTWOOD DR,WESTMINSTER,107-773-08,"OBEID, ABDUL RAHMAN; OBEID, HELEN JOZANE",06/08/2007,0.0,STANDARD
LB HOUSE LLC,,17192 ELM LN,9122 BOLSA AVE,WESTMINSTER,165-283-15,"PHUONG THI THANH NGUYEN LIVING TRUST, ; NGUYEN, PHUONG THI THANH",06/30/2017,0.0,STANDARD
TIGER GLOBAL X LLC,,8130 MCFADDEN AVE,9559 BOLSA AVE STE D,WESTMINSTER,107-366-01,"3302 BRADY X LLC,",02/05/2025,0.0,STANDARD
FIVE TRAN INVESTMENT GROUP LLC,,15091 BEACH BLVD,15081 BEACH BLVD,WESTMINSTER,142-032-11,"TRAN, TRAN XUAN; TRAN, MAI XUAN",12/29/2005,0.0,STANDARD
M WESTLAND LLC,,16732 BEACH BLVD,13070 OLD BOLSA CHICA RD,WESTMINSTER,107-601-41,"MILLER, WILLIAM LEE; CALLAHAN, NORMA J",,0.0,STANDARD
LE HOTEL LLC,,720 PACIFIC COAST HWY,9122 BOLSA AVE,WESTMINSTER,024-124-10,"LE HOTEL LLC,",12/30/2024,0.0,STANDARD
15300 BEACH BLVD LLC,,15202 JACKSON ST,15300 BEACH BLVD,WESTMINSTER,107-180-32,"ELMORE AUTOMOTIVE HOLDINGS LLC,",04/13/2005,0.0,STANDARD
RED HEAD INVESTMENTS LLC,,6381 INDUSTRY WAY,5132 PRINCETON AVE,WESTMINSTER,195-151-08,"VEEDER CARRA, MELISSA SUE",,0.0,STANDARD
S & N COMPANY LLC,,5351 OCEANUS DR,PO BOX 4035,WESTMINSTER,145-014-66,"S&N COMPANY,",02/28/1996,0.0,STANDARD
M WESTLAND LLC,,16291 GOTHARD ST,13070 OLD BOLSA CHICA RD,WESTMINSTER,142-122-08,"M WESTLAND LLC,",,0.0,STANDARD
15300 BEACH BLVD LLC,,15201 VAN BUREN ST,15300 BEACH BLVD,WESTMINSTER,107-180-31,"ELMORE AUTOMOTIVE HOLDINGS LLC,",04/13/2005,0.0,STANDARD
H B ENTERPRISE PROPERTY LLC,,18372 ENTERPRISE LN,7332 SIENA AVE,WESTMINSTER,159-212-04,"MUESEGAES, FREDERICK G; FREDERICK G MUESEGAES RLT,",,0.0,STANDARD
SAMSEN GROUP LLC,,800 13TH ST,15170 GOLDENWEST CIR,WESTMINSTER,023-093-10,"NGUYEN, MIMI",08/29/2025,0.0,STANDARD
S & N COMPANY LLC,,115 8TH ST,PO BOX 4035,WESTMINSTER,024-123-07,"S & N COMPANY,",,0.0,STANDARD
ROSA LLC,,7782 GARFIELD AVE,14931 CHESTNUT ST,WESTMINSTER,159-151-16,"ROOSEVELT TRAN LLC,",07/03/2020,0.0,STANDARD
FIVE TRAN INVESTMENT GROUP LLC,,15115 BEACH BLVD,15081 BEACH BLVD,WESTMINSTER,142-032-10,"TRAN, TRAN XUAN; TRAN, MAI XUAN",12/29/2005,0.0,STANDARD
15300 BEACH BLVD LLC,,15201 JACKSON ST,15300 BEACH BLVD,WESTMINSTER,107-151-20,"SHELP, ERWIN J; SHELP, JOYCE E",11/04/2005,0.0,STANDARD
BEACH TALBERT VILLAGE LLC,,18015 BEACH BLVD,21650 OXNARD ST STE 130,WOODLAND HILLS,159-141-66,"ELBAUM, EVELYNE RUTH SHABO; EVELYNE RUTH SHABO TRUST,",,0.0,STANDARD
ADT SECURITY SERVICES LLC,,88 FAIR DR,475 N MULLER ST,ANAHEIM,988-006-96,",",,,STANDARD
BONNIE DOONE LLC,,17555 BEACH BLVD,1023 BONNIE DOONE TER,CORONA DEL MAR,165-321-07,",",,,STANDARD
MRB ENTERPRISES LLC,,826 BRICKYARD LN # 8,825 BRICKYARD LN,COSTA MESA,937-782-53,",",,,STANDARD
L & BA FAMILY LLC,,1209 WINSLOW LN,151 KALMUS DR # 10,COSTA MESA,930-592-13,",",,,STANDARD
ONNYX INVESTMENTS 2 LLC,,16431 BEACH BLVD,2665 HARBOR BLVD,COSTA MESA,142-102-56,",",10/02/2009,,STANDARD
CHARGERS FOOTBALL COMPANY LLC,,2750 FAIRVIEW RD,MESA CITY HALL FINANCE,COSTA MESA,988-060-96,",",,,STANDARD
JAYS AIR CENTER LLC,,19582 AIRWAY AVE,2980 AIRWAY AVE,COSTA MESA,988-014-62,",",,,STANDARD
NEWPORT MARINA COMPOUND LLC,,2408 NEWPORT BLVD,136 ROCHESTER ST,COSTA MESA,988-431-44,",",,,STANDARD
126 PROPERTIES LLC,,2812 LAFAYETTE RD,126 E 16TH ST,COSTA MESA,988-431-49,",",,,STANDARD
SEABOAT LLC,,2814 LAFAYETTE RD,126 E 16TH ST,COSTA MESA,988-431-50,",",,,STANDARD
2808 LAFAYETTE PROPERTY LLC,,2808 LAFAYETTE RD,1001 W 17TH ST STE K,COSTA MESA,988-431-57,",",,,STANDARD
VISTA DEL MAR-HYLANDER LLC,,3525 HYLAND AVE STE 145,3525 HYLAND AVE STE 150,COSTA MESA,932-632-70,",",01/16/2007,,STANDARD
INSIGHT PROPERTIES LLC,,3151 AIRWAY AVE STE M3,3151 AIRWAY AVE STE J2,COSTA MESA,938-940-68,",",09/28/2005,,STANDARD
20331IRVINE345 LLC,,20331 IRVINE AVE STE E3,1187 GLENEAGLES TER,COSTA MESA,936-801-29,",",,,STANDARD
20331IRVINE345 LLC,,20331 IRVINE AVE STE E4,1187 GLENEAGLES TER,COSTA MESA,936-801-30,",",,,STANDARD
20331IRVINE345 LLC,,20331 IRVINE AVE STE E5,1187 GLENEAGLES TER,COSTA MESA,936-801-31,",",,,STANDARD
FROME REALTY FUND-ALPHA LLC,,6352 INDUSTRY WAY,151 KALMUS DR STE F2,COSTA MESA,195-151-28,",",,,STANDARD
FROME REALTY FUND-ALPHA LLC,,6342 INDUSTRY WAY,151 KALMUS DR STE F2,COSTA MESA,195-151-11,",",,,STANDARD
BURKE MONARCH LLC,,11258 MONARCH ST # 502,260 BAKER ST STE 100,COSTA MESA,936-751-38,",",09/29/2006,,STANDARD
BURKE MONARCH LLC,,11258 MONARCH ST # 503,260 BAKER ST STE 100,COSTA MESA,936-751-39,",",09/29/2006,,STANDARD
BURKE MONARCH LLC,,11258 MONARCH ST # 505,260 BAKER ST STE 100,COSTA MESA,936-751-41,",",09/29/2006,,STANDARD
BURKE MONARCH LLC,,11258 MONARCH ST # 506,260 BAKER ST STE 100,COSTA MESA,936-751-42,",",09/29/2006,,STANDARD
BURKE MONARCH LLC,,11258 MONARCH ST # 507,260 BAKER ST STE 100,COSTA MESA,936-751-43,",",09/29/2006,,STANDARD
BURKE MONARCH LLC,,11258 MONARCH ST # 508,260 BAKER ST STE 100,COSTA MESA,936-751-44,",",09/29/2006,,STANDARD
BURKE MONARCH LLC,,11258 MONARCH ST # 509,260 BAKER ST STE 100,COSTA MESA,936-751-45,",",09/29/2006,,STANDARD
BURKE MONARCH LLC,,11258 MONARCH ST # 510,260 BAKER ST STE 100,COSTA MESA,936-751-46,",",09/29/2006,,STANDARD
BURKE MONARCH LLC,,11258 MONARCH ST # 511,260 BAKER ST STE 100,COSTA MESA,936-751-47,",",09/29/2006,,STANDARD
BURKE MONARCH LLC,,11258 MONARCH ST # 512,260 BAKER ST STE 100,COSTA MESA,936-751-48,",",09/29/2006,,STANDARD
BURKE MONARCH LLC,,11258 MONARCH ST # 513,260 BAKER ST STE 100,COSTA MESA,936-751-49,",",09/29/2006,,STANDARD
BURKE MONARCH LLC,,11258 MONARCH ST # 514,260 BAKER ST STE 100,COSTA MESA,936-751-50,",",09/29/2006,,STANDARD
BURKE MONARCH LLC,,11258 MONARCH ST # 515,260 BAKER ST STE 100,COSTA MESA,936-751-51,",",09/29/2006,,STANDARD
BURKE MONARCH LLC,,11258 MONARCH ST # 516,260 BAKER ST STE 100,COSTA MESA,936-751-52,",",09/29/2006,,STANDARD
MONARCH UNIT 401 LLC,,11266 MONARCH ST # 401,260 BAKER ST STE 100,COSTA MESA,936-751-35,",",07/22/2008,,STANDARD
MONARCH UNIT 401 LLC,,11266 MONARCH ST # 402,260 BAKER ST STE 100,COSTA MESA,936-751-36,",",07/22/2008,,STANDARD
URBAN ARENA PROPERTIES LLC,,3195 RED HILL AVE STE F,3195 RED HILL AVE # C6,COSTA MESA,936-790-26,",",06/30/2006,,STANDARD
FROME DEVELOPMENTS OMEGA LLC,,7611 SLATER AVE,151 KALMUS DR STE F2,COSTA MESA,111-340-48,",",,,STANDARD
BELAVITA LLC,,11770 WARNER AVE # 1,3187 RED HILL AVE STE 213,COSTA MESA,938-781-21,",",04/08/2010,,STANDARD
BELAVITA LLC,,11770 WARNER AVE # 2,3187 RED HILL AVE STE 213,COSTA MESA,938-781-22,",",04/08/2010,,STANDARD
BELAVITA LLC,,11770 WARNER AVE # 3,3187 RED HILL AVE STE 213,COSTA MESA,938-781-23,",",04/08/2010,,STANDARD
BELAVITA LLC,,11770 WARNER AVE # 4,3187 RED HILL AVE STE 213,COSTA MESA,938-781-24,",",04/08/2010,,STANDARD
BELAVITA LLC,,11770 WARNER AVE # 5,3187 RED HILL AVE STE 213,COSTA MESA,938-781-25,",",04/08/2010,,STANDARD
BELAVITA LLC,,11770 WARNER AVE # 6,3187 RED HILL AVE STE 213,COSTA MESA,938-781-26,",",04/08/2010,,STANDARD
BELAVITA LLC,,11770 WARNER AVE # 7,3187 RED HILL AVE STE 213,COSTA MESA,938-781-27,",",04/08/2010,,STANDARD
BELAVITA LLC,,11770 WARNER AVE # 8,3187 RED HILL AVE STE 213,COSTA MESA,938-781-28,",",04/08/2010,,STANDARD
BELAVITA LLC,,11770 WARNER AVE # 9,3187 RED HILL AVE STE 213,COSTA MESA,938-781-29,",",04/08/2010,,STANDARD
BELAVITA LLC,,11770 WARNER AVE # 10,3187 RED HILL AVE STE 213,COSTA MESA,938-781-30,",",04/08/2010,,STANDARD
BELAVITA LLC,,11770 WARNER AVE # 11,3187 RED HILL AVE STE 213,COSTA MESA,938-781-31,",",04/08/2010,,STANDARD
BELAVITA LLC,,11770 WARNER AVE # 12,3187 RED HILL AVE STE 213,COSTA MESA,938-781-32,",",04/08/2010,,STANDARD
BELAVITA LLC,,11770 WARNER AVE # 13,3187 RED HILL AVE STE 213,COSTA MESA,938-781-33,",",04/08/2010,,STANDARD
BELAVITA LLC,,11770 WARNER AVE # 14,3187 RED HILL AVE STE 213,COSTA MESA,938-781-34,",",04/08/2010,,STANDARD
BELAVITA LLC,,11770 WARNER AVE # 15,3187 RED HILL AVE STE 213,COSTA MESA,938-781-35,",",04/08/2010,,STANDARD
BELAVITA LLC,,11770 WARNER AVE # 16,3187 RED HILL AVE STE 213,COSTA MESA,938-781-36,",",04/08/2010,,STANDARD
BELAVITA LLC,,11770 WARNER AVE # 17,3187 RED HILL AVE STE 213,COSTA MESA,938-781-37,",",04/08/2010,,STANDARD
BELAVITA LLC,,11770 WARNER AVE # 18,3187 RED HILL AVE STE 213,COSTA MESA,938-781-38,",",04/08/2010,,STANDARD
BELAVITA LLC,,11770 WARNER AVE # 19,3187 RED HILL AVE STE 213,COSTA MESA,938-781-39,",",04/08/2010,,STANDARD
BELAVITA LLC,,11770 WARNER AVE # 20,3187 RED HILL AVE STE 213,COSTA MESA,938-781-40,",",04/08/2010,,STANDARD
BELAVITA LLC,,11770 WARNER AVE # 21,3187 RED HILL AVE STE 213,COSTA MESA,938-781-41,",",04/08/2010,,STANDARD
BELAVITA LLC,,11770 WARNER AVE # 22,3187 RED HILL AVE STE 213,COSTA MESA,938-781-42,",",04/08/2010,,STANDARD
BELAVITA LLC,,11770 WARNER AVE # 23,3187 RED HILL AVE STE 213,COSTA MESA,938-781-43,",",04/08/2010,,STANDARD
BELAVITA LLC,,11770 WARNER AVE # 24,3187 RED HILL AVE STE 213,COSTA MESA,938-781-44,",",04/08/2010,,STANDARD
BELAVITA LLC,,11770 WARNER AVE # 25,3187 RED HILL AVE STE 213,COSTA MESA,938-781-45,",",04/08/2010,,STANDARD
BELAVITA LLC,,11770 WARNER AVE # 26,3187 RED HILL AVE STE 213,COSTA MESA,938-781-46,",",04/08/2010,,STANDARD
BELAVITA LLC,,11770 WARNER AVE # 27,3187 RED HILL AVE STE 213,COSTA MESA,938-781-47,",",04/08/2010,,STANDARD
BELAVITA LLC,,11770 WARNER AVE # 28,3187 RED HILL AVE STE 213,COSTA MESA,938-781-48,",",04/08/2010,,STANDARD
BELAVITA LLC,,11770 WARNER AVE # 29,3187 RED HILL AVE STE 213,COSTA MESA,938-781-49,",",04/08/2010,,STANDARD
BELAVITA LLC,,11770 WARNER AVE # 30,3187 RED HILL AVE STE 213,COSTA MESA,938-781-50,",",04/08/2010,,STANDARD
BELAVITA LLC,,11770 WARNER AVE # 31,3187 RED HILL AVE STE 213,COSTA MESA,938-781-51,",",04/08/2010,,STANDARD
BELAVITA LLC,,11770 WARNER AVE # 32,3187 RED HILL AVE STE 213,COSTA MESA,938-781-52,",",04/08/2010,,STANDARD
BELAVITA LLC,,11770 WARNER AVE # 33,3187 RED HILL AVE STE 213,COSTA MESA,938-781-53,",",04/08/2010,,STANDARD
BELAVITA LLC,,11770 WARNER AVE # 34,3187 RED HILL AVE STE 213,COSTA MESA,938-781-54,",",04/08/2010,,STANDARD
BELAVITA LLC,,11770 WARNER AVE # 35,3187 RED HILL AVE STE 213,COSTA MESA,938-781-55,",",04/08/2010,,STANDARD
BELAVITA LLC,,11770 WARNER AVE # 36,3187 RED HILL AVE STE 213,COSTA MESA,938-781-56,",",04/08/2010,,STANDARD
BELAVITA LLC,,11770 WARNER AVE # 37,3187 RED HILL AVE STE 213,COSTA MESA,938-781-57,",",04/08/2010,,STANDARD
BELAVITA LLC,,11770 WARNER AVE # 38,3187 RED HILL AVE STE 213,COSTA MESA,938-781-58,",",04/08/2010,,STANDARD
HARBOR ISLAND LLC,,30 HARBOR IS,949 S COAST DR STE 600,COSTA MESA,988-016-21,",",,,STANDARD
FROME REALTY FUND-ALPHA LLC,,6362 INDUSTRY WAY,151 KALMUS DR STE F2,COSTA MESA,195-151-29,",",,,STANDARD
FOUNTAIN VALLEY RENTALS LLC,,17168 NEWHOPE ST APT 102,17272 NEWHOPE ST,FOUNTAIN VALLEY,938-785-68,",",08/18/2008,,STANDARD
ROJACK LLC,,17168 NEWHOPE ST APT 108,17272 NEWHOPE ST,FOUNTAIN VALLEY,938-785-74,",",12/31/2008,,STANDARD
FOUNTAIN VALLEY RENTALS LLC,,17168 NEWHOPE ST APT 112,17272 NEWHOPE ST,FOUNTAIN VALLEY,938-785-78,",",08/18/2008,,STANDARD
FOUNTAIN VALLEY RENTALS LLC,,17168 NEWHOPE ST APT 202,17272 NEWHOPE ST,FOUNTAIN VALLEY,938-785-80,",",08/18/2008,,STANDARD
FOUNTAIN VALLEY RENTALS LLC,,17168 NEWHOPE ST APT 204,17272 NEWHOPE ST,FOUNTAIN VALLEY,938-785-82,",",08/18/2008,,STANDARD
ROJACK LLC,,17168 NEWHOPE ST APT 205,17272 NEWHOPE ST,FOUNTAIN VALLEY,938-785-83,",",12/31/2008,,STANDARD
FOUNTAIN VALLEY RENTALS LLC,,17168 NEWHOPE ST APT 230,17272 NEWHOPE ST,FOUNTAIN VALLEY,938-786-08,",",08/18/2008,,STANDARD
FOUNTAIN VALLEY RENTALS LLC,,17168 NEWHOPE ST APT 231,17272 NEWHOPE ST,FOUNTAIN VALLEY,938-786-09,",",08/18/2008,,STANDARD
FOUNTAIN VALLEY RENTALS LLC,,17168 NEWHOPE ST APT 234,17272 NEWHOPE ST,FOUNTAIN VALLEY,938-786-12,",",08/18/2008,,STANDARD
FOUNTAIN VALLEY RENTALS LLC,,17230 NEWHOPE ST APT 101,17272 NEWHOPE ST,FOUNTAIN VALLEY,938-785-23,",",12/11/2007,,STANDARD
FOUNTAIN VALLEY RENTALS LLC,,17230 NEWHOPE ST APT 102,17272 NEWHOPE ST,FOUNTAIN VALLEY,938-785-24,",",12/11/2007,,STANDARD
FOUNTAIN VALLEY RENTALS LLC,,17230 NEWHOPE ST APT 103,17272 NEWHOPE ST,FOUNTAIN VALLEY,938-785-25,",",12/11/2007,,STANDARD
FOUNTAIN VALLEY RENTALS LLC,,17230 NEWHOPE ST APT 201,17272 NEWHOPE ST,FOUNTAIN VALLEY,938-785-37,",",12/11/2007,,STANDARD
FOUNTAIN VALLEY RENTALS LLC,,17230 NEWHOPE ST APT 202,17272 NEWHOPE ST,FOUNTAIN VALLEY,938-785-38,",",12/11/2007,,STANDARD
FOUNTAIN VALLEY RENTALS LLC,,17230 NEWHOPE ST APT 205,17272 NEWHOPE ST,FOUNTAIN VALLEY,938-785-41,",",12/11/2007,,STANDARD
FOUNTAIN VALLEY RENTALS LLC,,17230 NEWHOPE ST APT 206,17272 NEWHOPE ST,FOUNTAIN VALLEY,938-785-42,",",12/11/2007,,STANDARD
LAPIER PROP LLC,,17132 GOTHARD ST,9085 LA CRESCENTA AVE,FOUNTAIN VALLEY,111-024-23,",",,,STANDARD
TN INVESTMENTS PROPERTIES LLC,,17220 NEWHOPE ST STE 209,17220 NEWHOPE ST STE 207,FOUNTAIN VALLEY,938-780-36,",",,,STANDARD
NOF 2024 LLC,,17220 NEWHOPE ST STE 223,17220 NEWHOPE ST STE 224,FOUNTAIN VALLEY,938-780-46,",",,,STANDARD
LEE BROTHERS LLC,,7042 KEARNY DR,18685 SANTA IRENE ST,FOUNTAIN VALLEY,111-130-36,",",09/25/2003,,STANDARD
HAROLD WESTMINSTER LLC,,12630 WESTMINSTER AVE # 4C,16199 GALLATIN ST,FOUNTAIN VALLEY,938-691-21,",",,,STANDARD
BCE SEAL BEACH LLC,,800 SEAL BEACH BLVD,111 SPEEN ST STE 410,FRAMINGHAM,988-067-22,",",,,STANDARD
BCE SEAL BEACH LLC,,800 SEAL BEACH BLVD,111 SPEEN ST STE 410,FRAMINGHAM,988-067-23,",",,,STANDARD
CYPRESS EXPRESS PARTNERS LLC,,18400 BEACH BLVD,190 NEWPORT CENTER DR STE 100,NEWPORT BEACH,157-341-05,",",,,STANDARD
BEACH-WESTMINSTER LLC,,15251 BEACH BLVD,4607 LAKEVIEW CANYON RD # 563,WESTLAKE VILLAGE,142-061-37,",",,,STANDARD
LOS ALISOS RANCH COMPANY LLC,,5772 GARDEN GROVE BLVD SPC 2,5880 GARDEN GROVE BLVD,WESTMINSTER,891-610-02,",",,,STANDARD
LOS ALISOS RANCH CO LLC,,5772 GARDEN GROVE BLVD SPC 76,13070 OLD BOLSA CHICA RD,WESTMINSTER,891-610-76,",",,,STANDARD
LOS ALISOS RANCH CO LLC,,5772 GARDEN GROVE BLVD SPC 170,13070 OLD BOLSA CHICA RD,WESTMINSTER,891-611-70,",",,,STANDARD
LOS ALISOS RANCH COMPANY LLC,,5772 GARDEN GROVE BLVD SPC 242,5880 GARDEN GROVE BLVD,WESTMINSTER,891-612-42,",",,,STANDARD
LOS ALISOS RANCH COMPANY LLC,,5772 GARDEN GROVE BLVD SPC 295,13070 OLD BOLSA CHICA RD,WESTMINSTER,891-612-95,",",,,STANDARD
LOS ALISOS RANCH COMPANY LLC,,5772 GARDEN GROVE BLVD SPC 331,13070 OLD BOLSA CHICA RD,WESTMINSTER,891-613-31,",",,,STANDARD
LOS ALISOS RANCH COMPANY LLC,,5772 GARDEN GROVE BLVD SPC 396,5880 GARDEN GROVE BLVD,WESTMINSTER,891-613-96,",",,,STANDARD
LOS ALISOS RANCH CO LLC,,5772 GARDEN GROVE BLVD SPC 535,13070 OLD BOLSA CHICA RD,WESTMINSTER,891-615-35,",",,,STANDARD
LOS ALISOS RANCH COMPANY LLC,,5772 GARDEN GROVE BLVD SPC 394,5880 GARDEN GROVE BLVD,WESTMINSTER,891-613-94,",",,,STANDARD
M WESTLAND LLC,,13100 MELANIE LN SPC 40,5880 GARDEN GROVE BLVD,WESTMINSTER,891-590-40,",",,,STANDARD
M WESTLAND LLC,,13100 MELANIE LN SPC 16,5880 GARDEN GROVE BLVD,WESTMINSTER,891-590-16,",",,,STANDARD
M WESTLAND LLC,,13100 MELANIE LN SPC 18,13070 OLD BOLSA CHICA RD,WESTMINSTER,891-590-18,",",,,STANDARD
M WESTLAND LLC,,13100 MELANIE LN SPC 43,5880 GARDEN GROVE BLVD,WESTMINSTER,891-590-43,",",,,STANDARD
M WESTLAND LLC,,13100 MELANIE LN SPC 63,13070 OLD BOLSA CHICA RD,WESTMINSTER,891-590-63,",",,,STANDARD
M WESTLAND LLC,,13100 MELANIE LN SPC 91,5880 GARDEN GROVE BLVD,WESTMINSTER,891-590-91,",",,,STANDARD
M WESTLAND LLC,,13100 MELANIE LN SPC 101,13070 OLD BOLSA CHICA RD,WESTMINSTER,891-591-01,",",,,STANDARD
M WESTLAND LLC,,13100 MELANIE LN SPC 84A,13070 OLD BOLSA CHICA RD,WESTMINSTER,891-599-06,",",,,STANDARD
M WESTLAND LLC,,13100 MELANIE LN SPC 84B,13070 OLD BOLSA CHICA RD,WESTMINSTER,891-599-07,",",,,STANDARD
M WESTLAND LLC,,13100 MELANIE LN SPC 87A,13070 OLD BOLSA CHICA RD,WESTMINSTER,891-599-08,",",,,STANDARD
M WESTLAND LLC,,13100 MELANIE LN SPC 87B,13070 OLD BOLSA CHICA RD,WESTMINSTER,891-599-09,",",,,STANDARD
M WESTLAND LLC,,13100 MELANIE LN SPC 27A,13070 OLD BOLSA CHICA RD,WESTMINSTER,891-599-10,",",,,STANDARD
M WESTLAND LLC,,13100 MELANIE LN SPC 27B,13070 OLD BOLSA CHICA RD,WESTMINSTER,891-599-11,",",,,STANDARD
M WESLAND LLC,,13100 MELANIE LN SPC 28A,13070 OLD BOLSA CHICA RD,WESTMINSTER,891-599-12,",",,,STANDARD
M WESTLAND LLC,,13100 MELANIE LN SPC 28B,13070 OLD BOLSA CHICA RD,WESTMINSTER,891-599-13,",",,,STANDARD
M WESTLAND LLC,,13100 MELANIE LN SPC 95,13070 OLD BOLSA CHICA RD,WESTMINSTER,891-599-19,",",,,STANDARD
M WESTLAND LLC,,13100 MELANIE LN SPC 98,13070 OLD BOLSA CHICA RD,WESTMINSTER,891-599-20,",",,,STANDARD
"MISSION DEL AMO MHP, LLC",,9702 BOLSA AVE SPC 54,9702 BOLSA AVE,WESTMINSTER,891-360-54,",",,,STANDARD
MISSION DEL AMO MHP LLC,,9702 BOLSA AVE SPC 119,9702 BOLSA AVE,WESTMINSTER,891-361-19,",",,,STANDARD
15300 BEACH BLVD LLC,,15231 JACKSON ST,15300 BEACH BLVD,WESTMINSTER,107-151-67,",",04/13/2005,,STANDARD
BEACH PROMENADE LLC,,21092 BEACH BLVD,PO BOX 8265,WICHITA FALLS,148-021-37,",",,,STANDARD
