MailAddress,llc_count,avg_sale_value,first_sale,last_sale,llc_names,apns,risk_level,cluster_notes
11770 WARNER AVE STE 215,60,237533.0,03/06/2013,10/20/2010,BELAVITA LLC | BELINGER LLC | BELLALANCE LLC | MESAVILLE HOLDINGS LLC,145-282-40; 165-081-19; 145-531-25; 145-014-68; 938-781-62; 938-781-63; 938-781-64; 938-781-65; 938-781-66; 938-781-67; 938-781-68; 938-781-69; 938-781-70; 938-781-71; 938-781-72; 938-781-73; 938-781-74; 938-781-75; 938-781-76; 938-781-77; 938-781-78; 938-781-79; 938-781-80; 938-781-81; 938-781-82; 938-781-83; 938-781-84; 938-781-85; 938-781-86; 938-781-87; 938-781-88; 938-781-92; 938-781-93; 938-781-94; 938-781-95; 938-781-96; 938-781-97; 938-781-98; 938-781-99; 938-782-00; 938-782-01; 938-782-02; 938-782-03; 938-782-04; 938-782-05; 938-782-07; 938-782-08; 938-782-09; 938-782-10; 938-782-11; 938-782-12; 938-782-13; 938-782-14; 938-782-15; 938-782-16; 938-782-17; 938-782-18; 938-782-19; 938-782-20; 938-782-21,CRITICAL,Major CMRA hub (60+ LLCs)
220 NEWPORT CENTER DR # 11-557,57,0.0,02/04/2019,05/02/2019,PENINSULA VILLAGE LLC,932-713-10; 932-713-01; 932-713-02; 932-713-03; 932-713-04; 932-713-17; 932-713-18; 932-713-19; 932-713-22; 932-713-23; 932-713-24; 932-713-25; 932-713-26; 932-713-27; 932-713-28; 932-713-34; 932-713-35; 932-713-36; 932-713-37; 932-713-40; 932-713-41; 932-713-43; 932-713-47; 932-713-57; 932-713-58; 932-713-05; 932-713-06; 932-713-07; 932-713-08; 932-713-09; 932-713-11; 932-713-12; 932-713-13; 932-713-14; 932-713-15; 932-713-20; 932-713-21; 932-713-29; 932-713-30; 932-713-31; 932-713-32; 932-713-33; 932-713-38; 932-713-39; 932-713-45; 932-713-48; 932-713-49; 932-713-50; 932-713-51; 932-713-52; 932-713-53; 932-713-54; 932-713-55; 932-713-56; 932-713-59; 932-713-60; 932-713-61,CRITICAL,Newport Center financial cluster
3187 RED HILL AVE STE 213,38,,04/08/2010,04/08/2010,BELAVITA LLC,938-781-21; 938-781-22; 938-781-23; 938-781-24; 938-781-25; 938-781-26; 938-781-27; 938-781-28; 938-781-29; 938-781-30; 938-781-31; 938-781-32; 938-781-33; 938-781-34; 938-781-35; 938-781-36; 938-781-37; 938-781-38; 938-781-39; 938-781-40; 938-781-41; 938-781-42; 938-781-43; 938-781-44; 938-781-45; 938-781-46; 938-781-47; 938-781-48; 938-781-49; 938-781-50; 938-781-51; 938-781-52; 938-781-53; 938-781-54; 938-781-55; 938-781-56; 938-781-57; 938-781-58,HIGH,
620 NEWPORT CENTER DR FL 11TH,37,7365432.0,02/13/2008,10/12/2012,JASMINE PLACE ASSOCIATES LLC | SYNERGY HUNTINGTON LLC,935-933-12; 935-933-13; 935-933-17; 935-933-22; 935-933-25; 935-933-26; 935-933-28; 024-124-32; 024-124-33; 935-933-15; 935-933-04; 935-933-05; 935-933-06; 935-933-07; 935-933-08; 935-933-09; 935-933-10; 935-933-11; 935-933-14; 935-933-16; 935-933-18; 935-933-19; 935-933-20; 935-933-21; 935-933-23; 935-933-24; 935-933-27; 935-933-29; 935-933-30; 935-933-31; 935-933-32; 935-933-33; 935-933-34; 935-933-35; 935-933-36; 935-933-00; 935-933-01,HIGH,Newport Center financial cluster
2161 VENTIA,25,0.0,,,SUPERIOR BEACH HOMES LLC,937-677-42; 937-677-43; 937-677-44; 937-677-45; 937-677-46; 937-677-47; 937-677-48; 937-677-49; 937-677-50; 937-677-51; 937-677-52; 937-677-53; 937-677-54; 937-677-55; 937-677-56; 937-677-57; 937-677-58; 937-677-59; 937-677-60; 937-677-61; 937-677-62; 937-677-63; 937-677-64; 937-677-66; 937-677-65,HIGH,
PO BOX 1549,24,,,,"CC REALTY INVESTORS LLC | LIDO PENINSULA CO LLC | LIDO PENINSULA COMPANY LLC | LIDO PENINSULA COMPANY, LLC",988-880-44; 890-210-02; 890-210-03; 890-210-04; 890-210-09; 890-210-12; 890-210-16; 890-210-30; 890-211-31; 890-211-59; 890-212-22; 890-219-17; 890-219-32; 890-219-33; 890-219-35; 890-219-36; 890-219-42; 890-210-36; 890-210-01; 890-219-55; 890-210-55; 890-210-56; 890-210-57; 890-219-54,HIGH,USPS PO Box network
PO BOX 1368,21,1327500.0,04/01/2003,06/02/2000,SLATER I LLC,939-090-01; 939-090-03; 939-090-02; 939-090-05; 939-090-06; 939-090-07; 939-090-09; 939-090-13; 939-090-14; 939-090-15; 939-090-16; 939-090-17; 939-090-18; 939-090-20; 939-090-21; 939-090-23; 939-090-24; 939-090-25; 939-090-26; 939-090-27; 939-090-28,HIGH,USPS PO Box network
260 BAKER ST STE 100,20,0.0,04/06/2006,09/29/2006,BURKE ASTRONAUTICS PARTNERS LLC | BURKE GOTHARD STREET PARTNERS LLC | BURKE MONARCH LLC | BURKE MONARCH MULTI LLC | MONARCH UNIT 401 LLC,936-751-38; 936-751-39; 936-751-41; 936-751-42; 936-751-43; 936-751-44; 936-751-45; 936-751-46; 936-751-47; 936-751-48; 936-751-49; 936-751-50; 936-751-51; 936-751-52; 936-751-35; 936-751-36; 142-121-27; 195-111-42; 142-121-29; 936-751-37,HIGH,
17272 NEWHOPE ST,20,980000.0,04/09/2026,12/31/2008,663 HIBISCUS LLC | FOUNTAIN VALLEY RENTALS LLC | JBAR TRANS CAPITAL LLC | RODECKER COMPANIES LLC | ROJACK LLC,024-031-19; 938-785-69; 938-784-30; 938-785-68; 938-785-74; 938-785-78; 938-785-80; 938-785-82; 938-785-83; 938-786-08; 938-786-09; 938-786-12; 938-785-23; 938-785-24; 938-785-25; 938-785-37; 938-785-38; 938-785-41; 938-785-42; 938-786-00,HIGH,Fountain Valley industrial cluster
13070 OLD BOLSA CHICA RD,20,0.0,,,LOS ALISOS RANCH CO LLC | LOS ALISOS RANCH COMPANY LLC | M WESLAND LLC | M WESTLAND LLC,891-610-76; 891-611-70; 891-612-95; 891-613-31; 891-615-35; 891-590-18; 891-590-63; 891-591-01; 891-599-06; 891-599-07; 891-599-08; 891-599-09; 891-599-10; 891-599-11; 891-599-12; 891-599-13; 891-599-19; 891-599-20; 107-601-41; 142-122-08,HIGH,
25011 CINNABAR CT,12,0.0,,,119 & 123 14TH LLC | 201 & 207 14TH LLC | 2411 ENGLAND LLC | 420 21ST LLC | 421 & 425 16TH LLC | 7770 YORKTOWN LLC | 7790 YORKTOWN LLC,025-121-41; 023-153-02; 023-153-03; 024-031-13; 024-035-12; 024-035-11; 025-121-40; 025-121-39; 025-121-38; 025-121-37; 025-121-42; 023-123-02,MODERATE,
507 LARKSPUR AVE,12,,,,FOURCHER 4340 LLC,934-057-36; 934-057-37; 934-057-38; 934-057-39; 934-057-40; 934-057-41; 934-057-42; 934-057-43; 934-057-44; 934-057-45; 934-057-46; 934-057-47,MODERATE,
1006 SEGOVIA CIR,12,,,,PL JETTY LLC,936-801-39; 936-801-40; 936-801-41; 936-801-42; 936-801-43; 936-801-44; 936-801-57; 936-801-58; 936-801-59; 936-801-60; 936-801-61; 936-801-62,MODERATE,
212 S PALM AVE # 200,11,163636.0,01/28/2004,06/29/2012,H B AMBERLEAF LLC | H B PIERSIDE LLC,024-165-10; 024-165-11; 159-131-10; 159-131-09; 159-131-08; 159-131-21; 159-131-22; 159-131-11; 024-165-16; 024-165-12; 024-165-13,MODERATE,
14752 BEACH BLVD STE 106,11,6172727.0,09/26/2014,10/09/2014,HUNTINGTON LLC,939-500-38; 939-500-39; 939-500-40; 939-500-41; 939-500-42; 939-500-43; 939-500-44; 939-500-45; 939-500-46; 939-500-47; 939-500-48,MODERATE,Beach Blvd commercial hub
5220 E BEVERLY BLVD,10,0.0,,,HUNTINGTON SANDS LLC,165-181-27; 165-181-25; 165-181-29; 165-181-26; 165-181-24; 165-181-30; 165-181-31; 165-181-32; 165-181-33; 165-181-28,MODERATE,
3225 MCLEOD DR # 777,10,0.0,03/18/2013,11/03/2000,315 319 ELMIRA LLC | 502 CALIFORNIA 200 202 LLC | 6401 VIKING LLC | COASTLINE HOLDING LLC | HLH MANAGEMENT LLC | SUN AND FUN LLC | THE NGUYEN DYNASTY HOLDING LLC | UNICORN ASSETS LLC,146-013-05; 195-041-13; 146-652-51; 107-702-10; 157-432-04; 110-411-08; 024-223-05; 024-221-14; 159-153-17; 151-301-03,MODERATE,
17220 NEWHOPE ST STE 207,9,2637250.0,03/01/2016,11/21/2003,ADLAND APARTMENTS LLC | TN INVESTMENTS PROPERTIES LLC | TN INVESTMENTS PROPERTIESLLC | VILLA POINT LLC,025-061-29; 938-780-35; 938-780-37; 938-780-36; 025-061-30; 025-061-35; 025-061-36; 938-780-33; 938-780-38,MONITOR,
1635 OHMS WAY # A,8,1258375.0,01/28/2015,12/19/2018,5TH STREET PARTNERS LLC | MAHDEK 3 PROPERTIES PARTNERS LLC | MAHDEK 3 PROPERTY PARTNERS LLC | MAHDEK PROPERTY PARTNERS LLC | MALAGA STREET PARTNERS LLC | MANDEK 7 PROPERTY PARTNERS LLC | MANDEK PROPERTY PARTNERS LLC | SURF CITY ACQUISTIONS LLC,165-241-07; 165-241-17; 165-233-20; 165-233-16; 025-111-26; 025-111-25; 107-772-05; 023-163-13,MONITOR,
5880 GARDEN GROVE BLVD,8,,,,LOS ALISOS RANCH COMPANY LLC | M WESTLAND LLC,891-610-02; 891-612-42; 891-613-96; 891-613-94; 891-590-40; 891-590-16; 891-590-43; 891-590-91,MONITOR,
12962 MAIN ST,7,0.0,01/21/2022,11/29/2023,PI GROUP RESIDENTIAL HOLDINGS LLC | PI GROUP VENTURES LLC | VK PORTFOLIOS LLC,145-063-32; 167-452-01; 165-301-35; 165-301-34; 935-930-01; 025-161-17; 025-162-13,MONITOR,
1290 AVENUE OF THE AMERICAS,7,2100000.0,11/09/2022,11/09/2022,17531 GRIFFIN LANE HB LLC,939-271-32; 939-271-33; 939-271-34; 939-271-35; 939-271-36; 939-271-37; 939-271-38,MONITOR,
PO BOX 2012,7,1284286.0,02/03/2023,12/01/2005,GREENFIELDSIDE LLC | NEW HORIZONVIEW LLC | NEW HORLZONVIEW LLC | PNB GREEN EXPANSION MGMT LLC | SPRINGSIDE LLC | TOPADVANCED LLC,195-331-27; 107-180-22; 165-281-15; 163-362-24; 167-471-11; 142-031-24; 931-440-83,MONITOR,USPS PO Box network
12330 GREENSTONE AVE,7,166667.0,02/09/2024,11/30/2017,1701 PARK ST LLC | 214 SPRINGFIELD LLC | AMJM PROPERTIES LLC | DELAWARE 224 LLC | TSS CAPRICORN THREE LLC,024-033-30; 024-033-29; 023-062-23; 023-062-21; 023-063-05; 025-033-20; 025-103-13,MONITOR,
2505 W COAST HWY STE 201,6,5745000.0,04/17/2013,07/24/2020,2523 PCH PROPERTIES LLC | 265 BRIGGS CM LLC | DAIMLER1 SA LLC | MARINERS MILE SOUTH LLC,178-323-27; 937-800-07; 988-431-02; 988-150-01; 937-800-05; 937-800-06,MONITOR,
60 S MARKET ST STE 1120,6,0.0,,,BELLA TERRA ASSOCIATES LLC | PC GROUP RETAIL LLC,142-073-47; 142-073-48; 142-073-46; 142-073-50; 142-073-49; 024-272-01,MONITOR,
7029 MARTANO PL,6,0.0,,,SA ABANOUB LLC,936-790-48; 936-790-49; 936-790-50; 936-790-51; 936-790-45; 936-790-47,MONITOR,
3300 IRVINE AVE,6,1458333.0,08/30/2017,11/07/2012,ZIMMERMANN FAMILY LLC,939-570-73; 939-570-74; 939-570-75; 939-570-77; 939-570-78; 939-570-76,MONITOR,
151 KALMUS DR STE F2,6,0.0,01/11/1999,09/04/1997,FROME DEVELOPMENTS OMEGA LLC | FROME REALTY FUND-ALPHA LLC,195-151-28; 195-151-11; 111-340-48; 195-151-29; 111-340-47; 111-023-17,MONITOR,
2850 ORBITER ST,6,1425833.0,10/26/2001,12/23/2016,CRI PROPERTIES LLC,142-411-09; 157-352-04; 157-451-01; 157-451-09; 178-242-19; 024-172-07,MONITOR,
26440 LA ALAMEDA STE 270,6,0.0,11/02/1998,11/02/1998,VDAP PROP LLC | VDAP PROPERTIES LLC,145-453-20; 145-542-18; 145-473-22; 145-512-02; 145-532-06; 145-514-17,MONITOR,
PO BOX 4203,6,0.0,,,CALLENS I LLC,157-033-32; 157-033-31; 157-033-36; 157-033-33; 157-033-34; 157-033-35,MONITOR,USPS PO Box network
5911 FRESCA DR,6,24500000.0,03/07/2025,03/07/2025,WMYU LLC,167-141-09; 167-141-08; 167-141-10; 167-141-11; 167-141-06; 167-141-07,MONITOR,
9990 S SANTA MONICA BLVD,6,1215875.0,01/31/1997,08/30/2017,GRAHAM STREET PARTNERS LLC | HB VILLAGE PARTNERS LLC | HUNTINGTON COMMERCE CENTER LLC | TALBERT PARTNERS LLC,145-401-06; 145-531-29; 145-531-28; 142-472-02; 159-291-20; 145-531-36,MONITOR,
820 CHAMPION CIR,5,965700.0,03/27/2019,04/05/2019,W-WORLD USA LLC,930-618-64; 930-618-65; 930-618-67; 930-618-69; 930-618-70,MONITOR,
9968 HIBERT ST STE 200,5,0.0,10/31/1997,10/31/1997,BROOKHURST SHOPPING CENTER LLC,146-463-20; 146-463-16; 146-463-18; 146-463-14; 146-463-25,MONITOR,
17284 NEWHOPE ST STE 100,5,176500.0,03/02/2000,12/06/2010,KIARACO LLC | OCM EQUITIES LLC | ROJACK LLC | RRR EQUITIES LLC,938-782-59; 938-785-47; 938-786-07; 938-782-47; 938-782-81,MONITOR,
8861 KATELLA AVE,5,564000.0,03/12/2020,06/18/2009,RSD LLC | SDR LLC,195-223-06; 163-291-60; 163-291-61; 145-151-16; 142-412-08,MONITOR,
445 MARINE VIEW AVE STE 110,5,,,,BAYSIDE MHP LLC | DE ANZA BAYSIDE VILLAGE LLC,892-210-02; 892-210-09; 892-211-25; 892-212-11; 988-023-63,MONITOR,
85A SURFSIDE AVE,5,0.0,02/11/2011,02/11/2011,J & J CONDOS LLC,939-500-60; 939-500-61; 939-500-11; 939-500-13; 939-500-14,MONITOR,
15170 GOLDENWEST CIR,5,0.0,05/16/2016,12/22/2020,DRAGON TURTLE LLC | SAMSEN GROUP LLC,023-093-30; 024-206-51; 024-206-52; 024-206-50; 023-093-10,MONITOR,
9451 FIRESTONE BLVD # B,5,1625500.0,04/23/2019,10/19/2022,7251 ELK CIRCLE LLC | GAGE VILLAGE RESIDENTIAL DEVELOPMENT LLC | VALERIAN 1031 LLC,146-351-11; 157-342-07; 157-342-08; 157-343-06; 142-232-19,MONITOR,
28392 AIROSO ST,5,3414000.0,02/20/2025,12/20/2024,1810 PCH HB LLC | 317 12TH ST LLC | 515 12TH ST LLC | 525 16TH STREET LLC,024-017-09; 024-026-12; 023-147-25; 023-147-24; 023-165-12,MONITOR,
PO BOX 320099,5,2166000.0,02/11/2015,07/27/2005,ESS PRISA II LLC | SST II 7611 TALBERT AVE LLC,165-261-57; 142-221-22; 142-221-24; 142-221-21; 142-221-23,MONITOR,USPS PO Box network
850 18TH ST,5,391000.0,04/19/2021,11/16/2021,KMN PROPERTIES LLC,178-151-06; 178-151-10; 178-151-16; 025-085-12; 145-441-09,MONITOR,
220 NEWPORT CENTER DR # 11312,5,1360000.0,04/14/2025,12/30/2024,CUT AND PASTE LLC | ELLBII LIFE LLC | JDTBNB 25 LLC | KINGS REIGN 9 LLC | OLIVE TREE 25 LLC,939-632-13; 939-632-18; 939-632-31; 939-632-32; 939-632-38,MONITOR,Newport Center financial cluster
12645 CLARK ST,5,130000.0,03/17/2004,10/15/2024,JANICE O PROPERTIES LLC,939-330-85; 178-654-40; 111-401-07; 937-165-13; 937-165-32,MONITOR,
1267 WILLIS ST # 200,5,170000.0,06/23/2011,10/19/2018,117 WALNUT LLC | 201 1ST LLC | 211 OLIVE LLC | 224 3RD LLC | 616 CREST LLC,024-165-07; 023-093-25; 024-165-08; 024-163-02; 024-162-24,MONITOR,
220 NEWPORT CENTER DR # 11777,5,7345200.0,07/30/2021,07/30/2021,VJHB COVE LLC,165-224-14; 165-225-03; 165-225-02; 165-225-04; 165-225-05,MONITOR,Newport Center financial cluster
172 SIDNEY BAY DR,5,680000.0,06/29/2023,06/29/2023,COVE CAPITAL LLC,935-840-24; 935-840-25; 935-840-26; 935-840-27; 935-840-28,MONITOR,
5055 N 32ND ST STE 200,5,48625000.0,02/21/2007,07/11/2019,ONNI HUNTINGTON BEACH LLC,165-364-12; 165-364-16; 165-364-26; 165-364-27; 165-364-13,MONITOR,
11232 KENSINGTON RD,5,0.0,03/31/2017,12/20/2010,MOUNT CARMEL INVEST LLC | MOUNT CARMEL INVESTMENTS LLC,110-401-05; 142-412-13; 025-043-20; 159-121-09; 025-191-16,MONITOR,
15300 BEACH BLVD,5,250000.0,04/13/2005,11/04/2005,15300 BEACH BLVD LLC,107-151-21; 107-151-67; 107-180-32; 107-180-31; 107-151-20,MONITOR,
9535 GARDEN GROVE BLVD,5,3360600.0,12/30/2024,12/30/2024,WILLOW 68 INVESTMENTS LLC,195-264-01; 195-264-02; 195-264-03; 195-264-04; 195-256-12,MONITOR,
411 S MOUNTAIN GLEN RD,4,0.0,02/27/2023,07/14/2023,TAHOE STREET LLC | WILLOW LANE WESTMINSTER LLC,195-061-22; 145-427-05; 145-116-04; 142-374-34,MONITOR,
6855 WESTERN AVE STE N,4,0.0,12/01/2016,12/01/2016,STARK AND ALDRICH LLC,142-082-10; 142-082-09; 142-082-36; 142-082-37,MONITOR,
13238 MICHAEL RAINFORD CIR,4,770750.0,05/24/2022,07/03/2017,AAA AMBROSE INVESTMENT LLC | AAA FLICKER INVESTMENT LLC | AAA FRONTIER INVESTMENT LLC,023-212-22; 195-223-40; 111-401-36; 157-293-17,MONITOR,
9900 CULVER BLVD STE 1A,4,0.0,,,MILLER FAMILY BEACH HOLDINGS LLC,107-161-04; 107-161-02; 107-161-03; 107-161-08,MONITOR,
3501 JAMBOREE RD STE 3000,4,72955.0,08/20/2018,08/20/2018,HUNTINGTON GATEWAY INDUSTRIAL LLC,195-111-01; 195-111-71; 195-111-72; 195-111-73,MONITOR,
2900 BRISTOL ST STE C107,4,740000.0,08/06/2004,08/06/2004,CAL NEWPORT MESA LLC,939-570-27; 939-570-28; 939-570-29; 939-570-30,MONITOR,
511 S MARENGO AVE,4,0.0,03/15/2011,09/28/2011,DAIBO REALTY LLC,937-153-64; 167-471-23; 159-121-39; 159-121-40,MONITOR,
620 NEWPORT CENTER DR # 11,4,0.0,02/13/2008,02/19/2008,212 ITH STREET LLC | 214 9TH STREET LLC | SYNERGY HUNTINGTON LLC,024-117-31; 024-117-32; 024-123-17; 024-124-34,MONITOR,Newport Center financial cluster
14221 EUCLID ST STE D,4,750000.0,03/02/2022,06/03/2021,BROADWAY SUNSET LLC | JUSU CORNER PLAZA LLC | TITOA INVESTMENTS LLC,167-201-01; 167-481-06; 167-481-07; 178-532-03,MONITOR,
5815 E REDFIELD RD,4,0.0,03/14/2008,07/14/2008,ALABAMA RE HOLDINGS LLC | DOLORES RE HOLDINGS LLC | MILO RE HOLDINGS LLC | PEARCE RE HOLDINGS LLC,178-181-08; 178-243-15; 178-253-22; 025-043-08,MONITOR,
4582 KATELLA AVE,4,1250000.0,05/27/2021,05/27/2021,VALINOR MEDICAL PROPERTIES LLC,939-570-23; 939-570-24; 939-570-25; 939-570-26,MONITOR,
9708 SHAMROCK AVE,4,1910000.0,08/03/2022,09/28/2022,BETTER FUTURE INVESTMENT LLC,023-082-14; 024-134-06; 024-134-07; 024-134-08,MONITOR,
1605 CATALINA AVE,4,0.0,08/16/2021,12/19/2019,OLD TOWN APARTMENTS LLC,025-106-04; 025-106-05; 025-103-16; 025-168-09,MONITOR,
8051 MAIN ST,4,498375.0,04/22/2004,09/22/2010,CORONA HOLDING LLC | TWO UNITED OIL LLC,024-151-27; 931-346-78; 931-346-79; 931-346-80,MONITOR,
16815 S PACIFIC AVE,4,300000.0,08/23/2024,11/27/2024,GOLDEN PACIFIC DEVELOPMENT LLC | RB 105 LLC | SILVER BEACH DEVELOPMENT LLC | SUNRISE DEVELOPMENTS LLC,931-401-98; 023-124-29; 023-124-28; 024-115-18,MONITOR,
1187 GLENEAGLES TER,4,902000.0,08/01/2025,08/01/2025,20331IRVINE345 LLC | 9705PORTROYAL LLC,149-082-27; 936-801-29; 936-801-30; 936-801-31,MONITOR,
6532 RUBIO AVE,4,0.0,02/15/2012,10/31/2000,2 NAUTICAL MILE LLC | 7811 ALHAMBRA DRIVE LLC | 7921 STARK DRIVE LLC | 7925 STARK DRIVE LLC,937-361-41; 142-082-30; 142-082-31; 142-102-34,MONITOR,
2900 BRISTOL ST BLDG A205,4,986125.0,04/27/2020,06/24/2005,ACUITY OCHS REALTY LLC,939-570-62; 939-570-63; 939-570-64; 939-570-65,MONITOR,
PO BOX 314,4,0.0,01/04/2007,10/28/1993,LITTON SEASIDE HOLDINGS LLC | LITTON SEASIDE PROPERTIES LLC,145-172-12; 145-292-08; 142-102-38; 153-324-02,MONITOR,USPS PO Box network
11693 SAN VICENTE BLVD # 237,4,2079500.0,02/26/2013,09/20/2022,2517 FLORIDA ST LLC | 4841 4851 KING CIRCLE LLC | KING CIRCLE LLC,163-291-51; 163-291-50; 025-111-56; 163-291-53,MONITOR,
15565 BROOKHURST ST STE B,4,14742000.0,02/19/2016,03/17/2016,HAMILTON HB LLC | TS MARKETPLACE LLC,155-181-04; 155-181-03; 155-181-05; 149-201-46,MONITOR,
8885 VENICE BLVD STE 200,4,3450000.0,05/30/2013,12/28/2011,BEACH TALBERT CENTER LLC | SANCALS GROUP LLC,163-080-13; 163-080-12; 157-481-01; 157-481-02,MONITOR,
1050 W KATELLA AVE STE J,4,0.0,01/07/2019,12/29/2004,5502 ENGINEER DR LLC | 5642-5662 BUCKINGHAM DR LLC | ANTOYAN COMPANIES LLC,145-542-09; 145-542-10; 145-542-08; 145-543-01,MONITOR,
4514 COLE AVE STE 1500,4,,,,SBLP HUNTINGTON BEACH OFFICE LLC,023-631-01; 023-631-04; 023-631-02; 023-631-03,MONITOR,
219 E BAY FRONT,4,0.0,,,THE MACNAB LLC,159-321-06; 159-321-13; 159-321-10; 159-321-11,MONITOR,
3610 LONG BEACH BLVD STE 202,4,0.0,01/09/2008,01/09/2008,BHALLA ENTERPRISES LLC,930-685-15; 930-685-16; 930-685-17; 930-685-18,MONITOR,
PO BOX 4035,4,0.0,01/20/2016,02/28/1996,S & N COMPANY LLC,145-271-05; 145-095-07; 145-014-66; 024-123-07,MONITOR,USPS PO Box network
1800 QUAIL ST STE 100,4,2303500.0,04/22/2021,04/22/2021,AHTX PROPERTIES LLC | GWS123 LLC,939-631-93; 936-791-01; 936-791-04; 936-791-06,MONITOR,
1800 QUAIL ST STE 110,4,1343750.0,08/16/2019,10/03/2014,CARDIFF DEVELOPMENT LLC | CMM HOLDINGS I LLC,930-618-81; 936-791-03; 936-791-02; 936-791-05,MONITOR,
1683 SUNFLOWER AVE STE B,4,42000000.0,09/18/2023,09/18/2023,ARES INVESTMENT GROUP LLC,142-342-17; 142-342-20; 142-342-15; 142-342-16,MONITOR,
1745 SHEA CENTER DR STE 200,4,3025000.0,08/31/2011,10/21/2011,BELLA TERRA VILLAS LLC | DCO BEACH WALK LLC | DCO PACIFIC CITY LLC,024-271-06; 025-200-72; 142-075-01; 142-075-02,MONITOR,
3809 SEASHORE DR,4,0.0,05/05/2011,05/05/2011,CASAS BMV LLC | CASITAS BMV LLC,933-940-49; 930-614-52; 930-614-53; 933-940-50,MONITOR,
13004 STOCKDALE HWY,4,427500.0,03/21/2024,12/30/2020,JORDYN COURT LLC | KCC1 PROPERTIES LLC | KCCI PROPERTIES LLC | PARK MEADOW LN PROPERTY LLC,935-761-16; 936-800-20; 159-474-39; 935-760-67,MONITOR,
189 QUINCY AVE,4,0.0,04/13/2010,09/02/1993,ORANGE SAIL LLC,148-031-08; 148-031-01; 148-031-02; 148-031-03,MONITOR,
17284 NEWHOPE ST # 222,4,287500.0,04/09/2026,06/17/2022,663 HIBISCUS LLC | RODECKER COMPANIES LLC | SPARTACUS FUND LLC,938-782-62; 938-650-81; 938-782-32; 938-782-40,MONITOR,
9191 LOMA ST,3,393333.0,01/18/2022,11/16/2021,TOUCHSTONE REAL ESTATE LLC,930-354-27; 930-354-28; 930-354-29,MONITOR,
2112 CENTURY PARK LN UNIT 310,3,759500.0,04/06/2018,05/01/2017,STEIN FULLERTON LLC,939-570-57; 939-570-58; 939-570-59,MONITOR,
PO BOX 11576,3,941667.0,06/09/2021,11/14/2025,MARINO FAMILY LLC,107-771-06; 023-162-21; 024-146-03,MONITOR,USPS PO Box network
10900 WARNER AVE STE 120,3,1855000.0,09/20/2019,12/02/2022,NM 168 LLC | NM 169 LLC,155-151-08; 155-151-07; 167-301-06,MONITOR,
11620 WILSHIRE BLVD STE 1000,3,9759500.0,,,REXFORD INDUSTRIAL-7612 WOODWIND LLC,165-261-72; 165-261-74; 165-261-71,MONITOR,
2665 HARBOR BLVD,3,0.0,05/07/2024,10/02/2009,ONNYX INVESTMENTS 2 LLC,142-102-56; 142-102-19; 142-102-20,MONITOR,
2800 CLIFF DR,3,136667.0,02/16/2021,09/30/2014,AYRES PROPERTIES LLC,934-180-33; 937-351-02; 934-180-07,MONITOR,
300 E COAST HWY,3,,,,BAYSIDE MHP LLC | DE ANZA BAYSIDE VILLAGE LLC,892-210-47; 892-211-02; 892-211-32,MONITOR,
120 TUSTIN AVE STE C,3,0.0,,,IRVINE LLC | NOCM LLC,936-801-17; 936-801-18; 936-780-01,MONITOR,
20101 SW BIRCH ST STE 151,3,0.0,07/29/1997,10/28/2003,DRT INVESTMENTS LLC | DRT LLC,988-999-13; 178-653-37; 153-091-27,MONITOR,
2900 BRISTOL ST STE D107,3,349667.0,05/18/2005,05/18/2005,COMPETENT LLC,939-570-18; 939-570-20; 939-570-19,MONITOR,
17220 NEWHOPE ST STE 224,3,5000.0,09/27/2022,09/27/2022,"NOF 2024 LLC | TRIPLEX, LLC",938-780-04; 938-780-05; 938-780-46,MONITOR,
1200 NEWPORT CENTER DR STE 290,3,10500000.0,08/24/2021,08/24/2021,OCEAN PACIFIC PARTNERS LLC,024-261-06; 024-261-08; 024-261-07,MONITOR,Newport Center financial cluster
805 N HARBOR BLVD,3,0.0,02/25/2004,06/22/2021,DNJ RESIDENTIAL PROPERTIES LLC,146-013-15; 146-013-04; 146-013-08,MONITOR,
875 CORCORAN CT,3,0.0,08/15/2005,08/15/2005,ARJUN ENTRPRS LLC | ARJUN PROPERTIES LLC,023-164-09; 024-035-01; 024-034-05,MONITOR,
4340 VON KARMAN AVE STE 101,3,2370000.0,05/03/2021,05/03/2021,DYSO 3 LLC,934-057-07; 934-057-08; 934-057-09,MONITOR,
8609 VINEYARD RIDGE RD NE,3,0.0,07/23/2015,10/06/2015,119 EAST BALBOA BLVD LLC | 130 40TH STREET LLC,178-601-35; 937-151-78; 932-801-49,MONITOR,
8362 WALKER ST APT 34,3,0.0,12/06/2016,12/07/2016,GIANT SUSHI ROBOT LLC,167-483-07; 167-483-06; 167-483-05,MONITOR,
3030 PULLMAN ST,3,0.0,01/08/1996,07/10/2006,CCK PPTY HOLDINGS LLC,157-021-35; 937-155-29; 025-071-29,MONITOR,
19100 VON KARMAN AVE STE 570,3,1912000.0,10/27/2017,10/27/2017,FOCUS REALTY LLC,934-057-12; 934-057-13; 934-057-23,MONITOR,
690 APPIAN WAY,3,0.0,05/30/2025,05/30/2025,HEATHER DOWNS APARTMENTS LLC,023-161-19; 023-161-20; 023-161-17,MONITOR,
3 TIZMIN,3,0.0,,,4651 RHAPSODY DRIVE LLC | 4801 KAUI DRIVE LLC | 6001 JADE CIRCLE LLC,178-091-12; 178-115-37; 195-031-27,MONITOR,
10221 SLATER AVE STE 107,3,0.0,06/04/2007,10/21/2011,DUBY RESIDENTIAL THREE LLC | DUBY RESIDENTIAL TWO LLC | THREE TWO TWO LLC,024-026-03; 165-302-07; 165-302-08,MONITOR,
123 MELROSE DR,3,3350000.0,03/03/2023,03/03/2023,SANTOS JOYCE LLC,934-057-04; 934-057-05; 934-057-06,MONITOR,
2900 BRISTOL ST STE B204,3,945500.0,10/18/2016,10/18/2016,MERRICK 621 EXCHANGE LLC,939-570-67; 939-570-68; 939-570-69,MONITOR,
25 PACIFIC MIST,3,3560000.0,06/05/2023,06/05/2023,FAKHRI LLC | KOOSHA LLC,178-142-04; 142-101-19; 142-101-20,MONITOR,
921 EMERALD BAY,3,0.0,01/15/2021,01/15/2021,DEL MAR ESTATES LLC | JANRIC REAL ESTATE LLC,934-040-60; 153-201-20; 153-201-06,MONITOR,
4 ROCKLEDGE RD,3,0.0,12/07/1973,12/07/1973,5401 MCFADDEN AVENUE NO 2 LLC | PICK RANCH NO 2 LLC,145-483-12; 145-452-01; 145-452-02,MONITOR,
21846 TUMBLEWEED CIR,3,0.0,01/06/2011,04/20/2010,TERZAIL LLC,024-224-06; 024-204-24; 024-204-23,MONITOR,
6303 E CEDARBROOKS RD,3,206333.0,05/30/2014,10/31/2013,IC & KY LLC | TK & CY LLC,930-940-36; 936-191-53; 936-191-59,MONITOR,
151 KALMUS DR STE H1,3,686667.0,01/15/2019,09/20/2012,GEO FLO HOLDINGS LLC | GLD HOLDINGS LLC,024-026-01; 178-261-03; 025-171-04,MONITOR,
11940 N RIVIERA,3,283333.0,04/06/2001,07/02/2019,MARCY RANCH LLC,165-261-50; 165-261-52; 165-261-51,MONITOR,
PO BOX 891,3,0.0,04/19/2010,04/19/2010,PACIFIC AVE LLC | SEAL BEACH RENTALS LLC,178-538-09; 938-960-66; 938-960-67,MONITOR,USPS PO Box network
PO BOX 3450,3,970000.0,03/20/2012,03/20/2012,RANWEST PROPERTIES LLC,195-162-05; 195-162-04; 195-162-06,MONITOR,USPS PO Box network
2022 VIA CERRITOS,3,10917500.0,08/28/2019,08/28/2019,ADKOK LLC,165-225-07; 165-234-13; 165-225-06,MONITOR,
4800 COLEMAN CREEK RD,3,0.0,03/08/2019,03/08/2019,BUSBY FAMILY LLC,142-131-12; 142-131-09; 142-131-10,MONITOR,
PO BOX 1874,3,1899000.0,05/28/2015,05/28/2015,PACIFIC AVENUE SUNSET BEACH LLC,178-511-05; 178-511-07; 178-511-06,MONITOR,USPS PO Box network
637 CHANNEL WAY,3,1321667.0,02/17/2023,12/21/2021,HABIQO LLC,939-484-61; 930-617-81; 930-618-68,MONITOR,
265 XIMENO AVE,3,1412833.0,02/14/2007,06/11/2024,BENZEN PROPERTY LLC BUCK | CAB ASSET PROPERTIES LLC | KNB ASSET PROPERTIES LLC,145-537-08; 178-341-25; 163-032-15,MONITOR,
4 EMBARCADERO CTR STE 3300,3,65500000.0,09/27/2018,09/27/2018,SCG EDINGER PLAZA LLC,142-112-09; 142-112-08; 142-112-10,MONITOR,
1630 CRESTVIEW AVE,3,0.0,11/27/2024,11/27/2024,MOODY FAMILY HOLDINGS SB LLC,178-511-08; 178-511-11; 178-511-09,MONITOR,
11292 WESTERN AVE,3,0.0,10/28/2008,10/28/2008,RONNENBERG FAMILY LLC,178-502-24; 178-515-08; 178-535-05,MONITOR,
3120 MAINE AVE,3,273333.0,05/19/2017,11/18/2019,MAISON PACAUT LLC | P A L PROJECTS LLC,938-691-16; 938-691-17; 938-691-15,MONITOR,
PO BOX 1478,3,0.0,08/23/2024,11/29/2018,422 20TH STREET PROPERTIES LLC | CASTLE OF SUNSET BEACH LLC | GOLDEN PACIFIC DEVELOPMENT LLC,178-534-11; 023-124-31; 024-115-16,MONITOR,USPS PO Box network
PO BOX 466,3,0.0,01/16/2001,06/04/2007,DUBY INDUSTRIAL ONE LLC | DUBY INDUSTRIAL THREE LLC | DUBY INDUSTRIAL TWO LLC,159-302-03; 159-301-03; 165-252-09,MONITOR,USPS PO Box network
272 W STAFFORD RD,3,1114333.0,05/07/2021,05/13/2009,MIKE MALAMUT HR LLC | MIKE MALAMUT RI LLC,988-883-75; 938-980-62; 938-980-73,MONITOR,
4201 TORRANCE BLVD STE 220,3,0.0,06/15/2020,11/30/2020,RNB BEACH PROPERTIES LLC,195-215-21; 163-362-21; 939-504-38,MONITOR,
9559 BOLSA AVE STE D,3,0.0,02/05/2025,07/17/2014,FIRST PREMIER X LLC | TIGER GLOBAL X LLC,023-321-62; 023-321-63; 107-366-01,MONITOR,
340 E 1ST ST UNIT 1590,3,38333.0,01/11/2013,07/31/2012,J3 HOLDINGS LLC,930-536-37; 930-538-25; 935-722-32,MONITOR,
PO BOX 876,3,80667.0,09/30/2003,09/30/2003,E & N ENTERPRISES LLC | RBJJ PROPERTIES LLC,938-650-26; 938-650-46; 938-650-42,MONITOR,USPS PO Box network
1180 S BEVERLY DR STE 301,3,975000.0,01/22/2003,02/18/1998,SEA AIRE APARTMENTS LLC,025-191-28; 025-191-31; 025-191-29,MONITOR,
PO BOX 1074,3,0.0,03/02/1993,06/28/1996,PACIFIC MANAGEMENT RESOURCES CO LLC | PACIFIC MANAGEMENT RESOURCES COMPANY LLC,930-774-83; 930-774-90; 930-776-16,MONITOR,USPS PO Box network
16 OAK RIDGE LN,3,0.0,07/08/2009,07/08/2009,TOLLGATE PARTNERS LLC,153-404-18; 153-404-13; 933-520-98,MONITOR,
